target,channel,price_bin,weekday,hour_bucket,item,segment_checks,item_checks,segment_rate,baseline_rate,lift,lift_clipped,uplift_pp,avg_attach_sum,opportunity_score,expected_value,segment_reliable,segment_rate_ci_low,segment_rate_ci_high
pillow,non_marketplace,5-10k,Суббота,День (12-17),Другая мебель,2735,375,0.1371,0.0223,6.139,6.139,11.48,44089.33,13840305.44,6045.16,1,0.1247,0.1505
pillow,non_marketplace,10-20k,Суббота,День (12-17),Матрас,1516,250,0.1649,0.0156,10.579,10.0,14.93,52656.36,11919768.52,8683.44,1,0.1471,0.1844
pillow,non_marketplace,5-10k,Суббота,День (12-17),Матрас,2735,338,0.1236,0.0156,7.928,7.928,10.8,40167.6,11864204.93,4964.04,1,0.1118,0.1364
pillow,non_marketplace,5-10k,Воскресенье,День (12-17),Другая мебель,2542,323,0.1271,0.0223,5.689,5.689,10.47,41986.99,11178012.87,5335.09,1,0.1147,0.1406
pillow,all,10-20k,Суббота,День (12-17),Матрас,3245,270,0.0832,0.0156,5.338,5.338,6.76,50759.23,11137480.46,4223.42,1,0.0742,0.0932
pillow,non_marketplace,5-10k,Воскресенье,День (12-17),Матрас,2542,309,0.1216,0.0156,7.798,7.798,10.6,38205.41,10291620.1,4644.17,1,0.1094,0.1348
pillow,non_marketplace,5-10k,Пятница,День (12-17),Матрас,1922,259,0.1348,0.0156,8.645,8.645,11.92,41026.85,9396805.73,5528.59,1,0.1202,0.1508
pillow,non_marketplace,5-10k,Суббота,Вечер (18-23),Другая мебель,1225,228,0.1861,0.0223,8.333,8.333,16.38,46432.28,9316182.09,8642.09,1,0.1653,0.2089
pillow,non_marketplace,10-20k,Воскресенье,День (12-17),Матрас,1387,198,0.1428,0.0156,9.158,9.158,12.72,52085.22,9186781.25,7435.38,1,0.1253,0.1622
pillow,non_marketplace,5-10k,Среда,День (12-17),Другая мебель,1720,236,0.1372,0.0223,6.143,6.143,11.49,46448.94,9177596.04,6373.23,1,0.1218,0.1543
pillow,non_marketplace,5-10k,Вторник,День (12-17),Матрас,1685,255,0.1513,0.0156,9.709,9.709,13.57,39818.5,9107870.94,6025.94,1,0.135,0.1692
pillow,non_marketplace,5-10k,Четверг,День (12-17),Матрас,1768,240,0.1357,0.0156,8.709,8.709,12.02,41907.99,8902971.06,5688.87,1,0.1206,0.1525
pillow,non_marketplace,5-10k,Понедельник,День (12-17),Другая мебель,1786,241,0.1349,0.0223,6.042,6.042,11.26,42118.29,8470431.59,5683.38,1,0.1199,0.1516
pillow,non_marketplace,5-10k,Пятница,День (12-17),Другая мебель,1922,219,0.1139,0.0223,5.102,5.102,9.16,47987.79,8449355.17,5467.91,1,0.1005,0.1289
pillow,non_marketplace,10-20k,Пятница,День (12-17),Матрас,1346,165,0.1226,0.0156,7.864,7.864,10.7,57187.66,8236104.79,7010.37,1,0.1061,0.1412
pillow,all,5-10k,Суббота,День (12-17),Матрас,12212,422,0.0346,0.0156,2.217,2.217,1.9,35517.34,8227330.77,1227.34,1,0.0315,0.0379
pillow,all,10-20k,Воскресенье,День (12-17),Матрас,3181,214,0.0673,0.0156,4.316,4.316,5.17,49560.47,8148506.92,3334.15,1,0.0591,0.0765
pillow,non_marketplace,5-10k,Вторник,День (12-17),Другая мебель,1685,241,0.143,0.0223,6.404,6.404,12.07,39789.04,8091750.75,5690.9,1,0.1271,0.1606
pillow,non_marketplace,5-10k,Четверг,День (12-17),Другая мебель,1768,221,0.125,0.0223,5.597,5.597,10.27,44196.38,8022197.8,5524.55,1,0.1104,0.1412
pillow,non_marketplace,5-10k,Понедельник,Вечер (18-23),Другая мебель,1056,205,0.1941,0.0223,8.692,8.692,17.18,43783.52,7942976.49,8499.64,1,0.1714,0.2191
pillow,non_marketplace,5-10k,Среда,День (12-17),Матрас,1720,225,0.1308,0.0156,8.392,8.392,11.52,39255.15,7779942.24,5135.12,1,0.1157,0.1476
pillow,non_marketplace,5-10k,Вторник,Вечер (18-23),Другая мебель,937,186,0.1985,0.0223,8.888,8.888,17.62,46871.37,7737176.86,9304.24,1,0.1742,0.2253
pillow,non_marketplace,10-20k,Четверг,День (12-17),Матрас,1314,160,0.1218,0.0156,7.812,7.812,10.62,55442.31,7735184.54,6750.97,1,0.1052,0.1406
pillow,non_marketplace,5-10k,Воскресенье,Вечер (18-23),Другая мебель,1109,198,0.1785,0.0223,7.994,7.994,15.62,42591.88,7378233.77,7604.32,1,0.1571,0.2022
pillow,non_marketplace,10-20k,Вторник,День (12-17),Матрас,1363,149,0.1093,0.0156,7.013,7.013,9.37,56774.37,7253148.4,6206.44,1,0.0938,0.127
pillow,non_marketplace,5-10k,Понедельник,День (12-17),Матрас,1786,221,0.1237,0.0156,7.938,7.938,10.82,37368.8,7218169.86,4624.02,1,0.1093,0.1398
pillow,non_marketplace,10-20k,Среда,День (12-17),Матрас,1396,143,0.1024,0.0156,6.572,6.572,8.68,59375.66,7198676.97,6082.18,1,0.0876,0.1194
pillow,all,10-20k,Пятница,День (12-17),Матрас,2956,173,0.0585,0.0156,3.755,3.755,4.29,55622.49,7059755.35,3255.31,1,0.0506,0.0676
pillow,all,5-10k,Суббота,День (12-17),Другая мебель,12212,466,0.0382,0.0223,1.709,1.709,1.58,36215.37,6998647.2,1381.95,1,0.0349,0.0417
pillow,non_marketplace,10-20k,Понедельник,День (12-17),Матрас,1202,132,0.1098,0.0156,7.045,7.045,9.42,60308.33,6830736.22,6622.88,1,0.0934,0.1288
pillow,all,5-10k,Воскресенье,День (12-17),Матрас,12756,404,0.0317,0.0156,2.032,2.032,1.61,33023.94,6775288.67,1045.91,1,0.0288,0.0349
pillow,all,10-20k,Четверг,День (12-17),Матрас,2935,172,0.0586,0.0156,3.76,3.76,4.3,53228.48,6720097.17,3119.35,1,0.0507,0.0677
pillow,non_marketplace,5-10k,Пятница,Вечер (18-23),Другая мебель,996,171,0.1717,0.0223,7.687,7.687,14.94,45141.54,6715020.94,7750.2,1,0.1495,0.1964
pillow,all,10-20k,Вторник,День (12-17),Матрас,2864,161,0.0562,0.0156,3.606,3.606,4.06,55613.36,6470989.58,3126.31,1,0.0484,0.0653
pillow,all,10-20k,Среда,День (12-17),Матрас,2937,156,0.0531,0.0156,3.408,3.408,3.75,57608.31,6349521.28,3059.89,1,0.0456,0.0618
pillow,non_marketplace,5-10k,Четверг,Вечер (18-23),Другая мебель,964,162,0.168,0.0223,7.524,7.524,14.57,44519.83,6253679.32,7481.55,1,0.1458,0.193
pillow,non_marketplace,5-10k,Среда,Вечер (18-23),Другая мебель,968,164,0.1694,0.0223,7.586,7.586,14.71,43238.62,6156321.96,7325.55,1,0.1471,0.1943
pillow,non_marketplace,5-10k,Суббота,Утро (06-11),Матрас,893,147,0.1646,0.0156,10.56,10.0,14.9,46238.0,6153361.08,7611.41,1,0.1417,0.1904
pillow,all,5-10k,Вторник,День (12-17),Матрас,10381,344,0.0331,0.0156,2.126,2.126,1.75,33298.67,6066478.19,1103.43,1,0.0299,0.0368
pillow,all,5-10k,Пятница,День (12-17),Матрас,10691,334,0.0312,0.0156,2.004,2.004,1.57,35010.48,5859060.28,1093.77,1,0.0281,0.0347
pillow,all,10-20k,Понедельник,День (12-17),Матрас,2936,146,0.0497,0.0156,3.19,3.19,3.41,56841.48,5697473.74,2826.59,1,0.0424,0.0582
pillow,non_marketplace,10-20k,Суббота,Утро (06-11),Матрас,478,109,0.228,0.0156,14.629,10.0,21.24,55742.12,5660560.46,12711.07,1,0.1927,0.2677
pillow,all,5-10k,Четверг,День (12-17),Матрас,10487,323,0.0308,0.0156,1.976,1.976,1.52,35241.7,5622161.55,1085.45,1,0.0277,0.0343
pillow,non_marketplace,2-3k,Суббота,День (12-17),Матрас,1740,230,0.1322,0.0156,8.48,8.48,11.66,27041.28,5486063.25,3574.42,1,0.1171,0.1489
pillow,non_marketplace,3-5k,Суббота,День (12-17),Матрас,1654,220,0.133,0.0156,8.533,8.533,11.74,28238.81,5484482.58,3756.07,1,0.1175,0.1502
pillow,non_marketplace,5-10k,Суббота,Вечер (18-23),Матрас,1225,167,0.1363,0.0156,8.746,8.746,12.07,36390.33,5382313.3,4960.97,1,0.1182,0.1567
pillow,all,10-20k,Суббота,Утро (06-11),Матрас,1374,118,0.0859,0.0156,5.51,5.51,7.03,52827.72,5102231.6,4536.88,1,0.0722,0.1019
pillow,non_marketplace,5-10k,Пятница,Утро (06-11),Матрас,717,115,0.1604,0.0156,10.29,10.0,14.48,49132.02,5101062.78,7880.31,1,0.1353,0.1891
pillow,all,5-10k,Среда,День (12-17),Матрас,10270,316,0.0308,0.0156,1.974,1.974,1.52,32315.96,5038512.04,994.34,1,0.0276,0.0343
pillow,all,5-10k,Воскресенье,День (12-17),Другая мебель,12756,434,0.034,0.0223,1.523,1.523,1.17,33546.14,5001754.05,1141.35,1,0.031,0.0373
pillow,non_marketplace,1-2k,Суббота,День (12-17),Матрас,2904,259,0.0892,0.0156,5.722,5.722,7.36,23237.38,4966601.46,2072.48,1,0.0794,0.1001
pillow,all,5-10k,Суббота,Вечер (18-23),Другая мебель,8283,331,0.04,0.0223,1.789,1.789,1.76,33549.99,4898402.34,1340.7,1,0.036,0.0444
pillow,non_marketplace,3-5k,Понедельник,День (12-17),Матрас,1357,194,0.143,0.0156,9.171,9.171,12.74,27478.18,4749532.91,3928.35,1,0.1253,0.1626
pillow,non_marketplace,3-5k,Среда,День (12-17),Матрас,1288,179,0.139,0.0156,8.916,8.916,12.34,29283.58,4653834.74,4069.69,1,0.1212,0.1589
pillow,non_marketplace,5-10k,Четверг,Утро (06-11),Матрас,725,118,0.1628,0.0156,10.441,10.0,14.72,43078.78,4596458.82,7011.44,1,0.1377,0.1914
pillow,non_marketplace,10-20k,Вторник,Утро (06-11),Матрас,748,85,0.1136,0.0156,7.29,7.29,9.8,61404.1,4503400.34,6977.74,1,0.0928,0.1384
pillow,non_marketplace,5-10k,Вторник,Утро (06-11),Матрас,736,130,0.1766,0.0156,11.331,10.0,16.1,37949.12,4498011.96,6702.97,1,0.1508,0.2058
pillow,non_marketplace,10-20k,Суббота,Вечер (18-23),Матрас,625,87,0.1392,0.0156,8.93,8.93,12.36,57819.17,4466974.25,8048.43,1,0.1143,0.1685
pillow,all,0-1k,Суббота,Ночь (00-05),Матрас,58823,1868,0.0318,0.0156,2.037,2.037,1.62,4666.77,4438483.35,148.2,1,0.0304,0.0332
pillow,marketplace,0-1k,Суббота,Ночь (00-05),Матрас,58330,1859,0.0319,0.0156,2.045,2.045,1.63,4599.65,4368598.6,146.59,1,0.0305,0.0333
pillow,all,5-10k,Среда,День (12-17),Другая мебель,10270,367,0.0357,0.0223,1.6,1.6,1.34,31688.79,4361149.34,1132.4,1,0.0323,0.0395
pillow,non_marketplace,3-5k,Вторник,День (12-17),Матрас,1253,173,0.1381,0.0156,8.858,8.858,12.25,28189.64,4326224.04,3892.11,1,0.1201,0.1583
pillow,non_marketplace,3-5k,Воскресенье,День (12-17),Матрас,1650,180,0.1091,0.0156,6.999,6.999,9.35,27914.34,4306631.37,3045.2,1,0.0949,0.1251
pillow,non_marketplace,3-5k,Пятница,День (12-17),Матрас,1303,171,0.1312,0.0156,8.419,8.419,11.56,28446.49,4286579.33,3733.19,1,0.114,0.1507
pillow,non_marketplace,3-5k,Четверг,День (12-17),Матрас,1327,162,0.1221,0.0156,7.832,7.832,10.65,29953.86,4232932.14,3656.76,1,0.1055,0.1408
pillow,all,0-1k,Четверг,Ночь (00-05),Матрас,58229,1771,0.0304,0.0156,1.951,1.951,1.48,4797.32,4141728.1,145.91,1,0.0291,0.0318
pillow,non_marketplace,1-2k,Воскресенье,День (12-17),Матрас,2792,215,0.077,0.0156,4.94,4.94,6.14,23992.76,4114256.42,1847.58,1,0.0677,0.0875
pillow,marketplace,0-1k,Четверг,Ночь (00-05),Матрас,57733,1758,0.0305,0.0156,1.953,1.953,1.49,4786.77,4107403.32,145.76,1,0.0291,0.0319
pillow,all,0-1k,Пятница,Ночь (00-05),Матрас,59509,1816,0.0305,0.0156,1.958,1.958,1.49,4577.36,4066482.5,139.68,1,0.0292,0.0319
pillow,marketplace,0-1k,Пятница,Ночь (00-05),Матрас,59012,1807,0.0306,0.0156,1.964,1.964,1.5,4573.51,4057332.74,140.05,1,0.0293,0.032
pillow,all,5-10k,Понедельник,День (12-17),Матрас,11010,299,0.0272,0.0156,1.742,1.742,1.16,31655.49,4032248.57,859.67,1,0.0243,0.0304
pillow,all,0-1k,Четверг,Ночь (00-05),Постельное белье,58229,4074,0.07,0.0278,2.516,2.516,4.22,1641.36,4029341.12,114.84,1,0.0679,0.0721
pillow,marketplace,0-1k,Четверг,Ночь (00-05),Постельное белье,57733,4054,0.0702,0.0278,2.525,2.525,4.24,1639.22,4013926.8,115.11,1,0.0682,0.0723
pillow,all,0-1k,Пятница,Ночь (00-05),Постельное белье,59509,4048,0.068,0.0278,2.446,2.446,4.02,1667.44,3990663.01,113.42,1,0.066,0.0701
pillow,marketplace,0-1k,Пятница,Ночь (00-05),Постельное белье,59012,4030,0.0683,0.0278,2.456,2.456,4.05,1664.77,3977331.41,113.69,1,0.0663,0.0704
pillow,all,0-1k,Воскресенье,Ночь (00-05),Постельное белье,52635,3791,0.072,0.0278,2.59,2.59,4.42,1705.41,3969236.13,122.83,1,0.0698,0.0743
pillow,all,0-1k,Суббота,Ночь (00-05),Постельное белье,58823,4056,0.069,0.0278,2.48,2.48,4.11,1636.49,3960898.79,112.84,1,0.0669,0.071
pillow,marketplace,0-1k,Суббота,Ночь (00-05),Постельное белье,58330,4040,0.0693,0.0278,2.491,2.491,4.15,1635.25,3954166.2,113.26,1,0.0672,0.0714
pillow,marketplace,0-1k,Воскресенье,Ночь (00-05),Постельное белье,52194,3769,0.0722,0.0278,2.597,2.597,4.44,1700.62,3941518.63,122.8,1,0.07,0.0745
pillow,non_marketplace,5-10k,Пятница,Вечер (18-23),Матрас,996,135,0.1355,0.0156,8.695,8.695,12.0,32983.52,3940693.74,4470.66,1,0.1157,0.1582
pillow,non_marketplace,5-10k,Вторник,Вечер (18-23),Матрас,937,124,0.1323,0.0156,8.49,8.49,11.67,35846.94,3921451.11,4743.89,1,0.1121,0.1555
pillow,non_marketplace,10-20k,Четверг,Утро (06-11),Матрас,628,75,0.1194,0.0156,7.662,7.662,10.38,60008.44,3913205.11,7166.61,1,0.0963,0.1471
pillow,non_marketplace,5-10k,Суббота,День (12-17),Кровать/каркас,2735,116,0.0424,0.0041,10.393,10.0,3.83,37319.32,3912501.17,1582.83,1,0.0355,0.0506
pillow,all,0-1k,Вторник,Ночь (00-05),Матрас,53590,1656,0.0309,0.0156,1.982,1.982,1.53,4747.93,3896404.0,146.72,1,0.0295,0.0324
pillow,non_marketplace,5-10k,Среда,Утро (06-11),Матрас,728,106,0.1456,0.0156,9.341,9.341,13.0,40967.45,3877656.27,5965.04,1,0.1218,0.1731
pillow,non_marketplace,2-3k,Воскресенье,День (12-17),Матрас,1710,180,0.1053,0.0156,6.753,6.753,8.97,25150.99,3856777.85,2647.47,1,0.0916,0.1207
pillow,marketplace,0-1k,Вторник,Ночь (00-05),Матрас,53140,1648,0.031,0.0156,1.99,1.99,1.54,4688.74,3843209.71,145.41,1,0.0296,0.0325
pillow,non_marketplace,5-10k,Среда,Вечер (18-23),Матрас,968,116,0.1198,0.0156,7.688,7.688,10.42,37971.38,3831733.26,4550.29,1,0.1009,0.1418
pillow,all,5-10k,Воскресенье,Вечер (18-23),Другая мебель,8972,338,0.0377,0.0223,1.687,1.687,1.53,27640.3,3803708.01,1041.29,1,0.0339,0.0418
pillow,all,10-20k,Вторник,Утро (06-11),Матрас,1658,90,0.0543,0.0156,3.482,3.482,3.87,59112.81,3792414.71,3208.78,1,0.0444,0.0663
pillow,all,5-10k,Суббота,Утро (06-11),Матрас,6375,199,0.0312,0.0156,2.003,2.003,1.56,37053.87,3691612.06,1156.66,1,0.0272,0.0358
pillow,non_marketplace,1-2k,Четверг,День (12-17),Матрас,2762,222,0.0804,0.0156,5.156,5.156,6.48,20594.54,3685324.05,1655.32,1,0.0708,0.0911
pillow,non_marketplace,2-3k,Пятница,День (12-17),Матрас,1428,173,0.1211,0.0156,7.772,7.772,10.56,24397.69,3677725.5,2955.74,1,0.1052,0.1391
pillow,non_marketplace,10-20k,Воскресенье,Вечер (18-23),Матрас,584,84,0.1438,0.0156,9.227,9.227,12.82,48160.22,3607044.83,6927.15,1,0.1177,0.1746
pillow,all,0-1k,Вторник,Ночь (00-05),Постельное белье,53590,3605,0.0673,0.0278,2.419,2.419,3.95,1700.74,3596855.31,114.41,1,0.0652,0.0694
pillow,all,5-10k,Понедельник,Вечер (18-23),Другая мебель,9400,334,0.0355,0.0223,1.591,1.591,1.32,28991.26,3596522.6,1030.11,1,0.032,0.0395
pillow,non_marketplace,5-10k,Понедельник,Вечер (18-23),Матрас,1056,121,0.1146,0.0156,7.351,7.351,9.9,34360.65,3592040.29,3937.16,1,0.0968,0.1352
pillow,marketplace,0-1k,Вторник,Ночь (00-05),Постельное белье,53140,3588,0.0675,0.0278,2.428,2.428,3.97,1699.48,3586572.48,114.75,1,0.0654,0.0697
pillow,all,0-1k,Среда,Ночь (00-05),Постельное белье,57480,3753,0.0653,0.0278,2.348,2.348,3.75,1649.93,3555132.36,107.73,1,0.0633,0.0673
pillow,non_marketplace,5-10k,Вторник,День (12-17),Кровать/каркас,1685,102,0.0605,0.0041,14.833,10.0,5.65,37340.77,3551985.55,2260.39,1,0.0501,0.073
pillow,all,0-1k,Среда,Ночь (00-05),Матрас,57480,1635,0.0284,0.0156,1.825,1.825,1.29,4791.25,3540813.93,136.29,1,0.0271,0.0298
pillow,marketplace,0-1k,Среда,Ночь (00-05),Постельное белье,57000,3736,0.0655,0.0278,2.357,2.357,3.77,1644.64,3537722.81,107.8,1,0.0635,0.0676
pillow,all,10-20k,Суббота,Вечер (18-23),Матрас,1877,95,0.0506,0.0156,3.247,3.247,3.5,53734.93,3532632.79,2719.67,1,0.0416,0.0615
pillow,marketplace,0-1k,Среда,Ночь (00-05),Матрас,57000,1627,0.0285,0.0156,1.831,1.831,1.3,4770.61,3523092.27,136.17,1,0.0272,0.0299
pillow,all,5-10k,Понедельник,День (12-17),Другая мебель,11010,362,0.0329,0.0223,1.472,1.472,1.05,30264.9,3513658.66,995.09,1,0.0297,0.0364
pillow,all,5-10k,Вторник,День (12-17),Другая мебель,10381,353,0.034,0.0223,1.523,1.523,1.17,28949.8,3507130.83,984.42,1,0.0307,0.0377
pillow,non_marketplace,5-10k,Воскресенье,Вечер (18-23),Матрас,1109,118,0.1064,0.0156,6.826,6.826,9.08,34700.87,3494836.42,3692.25,1,0.0896,0.1259
pillow,marketplace,0-1k,Воскресенье,Ночь (00-05),Матрас,52194,1519,0.0291,0.0156,1.867,1.867,1.35,4917.57,3468924.39,143.12,1,0.0277,0.0306
pillow,all,0-1k,Воскресенье,Ночь (00-05),Матрас,52635,1524,0.029,0.0156,1.857,1.857,1.34,4923.95,3464196.72,142.57,1,0.0276,0.0304
pillow,all,5-10k,Пятница,День (12-17),Другая мебель,10691,345,0.0323,0.0223,1.445,1.445,0.99,32519.28,3454248.24,1049.4,1,0.0291,0.0358
pillow,all,5-10k,Вторник,Вечер (18-23),Другая мебель,8443,297,0.0352,0.0223,1.575,1.575,1.28,31514.34,3417086.07,1108.58,1,0.0315,0.0393
pillow,non_marketplace,5-10k,Среда,Ночь (00-05),Другая мебель,176,72,0.4091,0.0223,18.317,10.0,38.68,50096.53,3410026.84,20494.03,1,0.3391,0.4829
pillow,non_marketplace,2-3k,Вторник,День (12-17),Матрас,1372,160,0.1166,0.0156,7.481,7.481,10.1,24498.19,3395783.47,2856.93,1,0.1007,0.1347
pillow,all,10-20k,Четверг,Утро (06-11),Матрас,1516,87,0.0574,0.0156,3.682,3.682,4.18,53302.99,3377757.45,3058.94,1,0.0468,0.0703
pillow,non_marketplace,5-10k,Четверг,Вечер (18-23),Матрас,964,102,0.1058,0.0156,6.788,6.788,9.02,38648.86,3361424.29,4089.4,1,0.0879,0.1268
pillow,non_marketplace,10-20k,Пятница,День (12-17),Кровать/каркас,1346,67,0.0498,0.0041,12.197,10.0,4.57,54581.83,3357164.18,2716.93,1,0.0394,0.0627
pillow,all,5-10k,Суббота,Вечер (18-23),Матрас,8283,242,0.0292,0.0156,1.874,1.874,1.36,29705.65,3353377.52,867.89,1,0.0258,0.0331
pillow,all,0-1k,Понедельник,Ночь (00-05),Постельное белье,56390,3531,0.0626,0.0278,2.252,2.252,3.48,1708.06,3352952.85,106.95,1,0.0606,0.0646
pillow,marketplace,0-1k,Понедельник,Ночь (00-05),Постельное белье,55939,3520,0.0629,0.0278,2.263,2.263,3.51,1705.45,3350465.78,107.32,1,0.0609,0.065
pillow,non_marketplace,1-2k,Пятница,День (12-17),Матрас,2712,206,0.076,0.0156,4.873,4.873,6.04,20356.92,3332958.98,1546.29,1,0.0666,0.0865
pillow,non_marketplace,10-20k,Пятница,Утро (06-11),Матрас,638,66,0.1034,0.0156,6.637,6.637,8.79,59295.34,3323802.23,6134.0,1,0.0821,0.1295
pillow,all,0-1k,Понедельник,Ночь (00-05),Матрас,56390,1561,0.0277,0.0156,1.776,1.776,1.21,4815.8,3284416.16,133.31,1,0.0264,0.0291
pillow,marketplace,0-1k,Понедельник,Ночь (00-05),Матрас,55939,1556,0.0278,0.0156,1.784,1.784,1.22,4796.25,3280818.17,133.41,1,0.0265,0.0292
pillow,non_marketplace,5-10k,Вторник,Ночь (00-05),Другая мебель,192,86,0.4479,0.0223,20.055,10.0,42.56,40138.86,3279817.43,17978.87,1,0.3793,0.5186
pillow,non_marketplace,5-10k,Среда,Утро (06-11),Другая мебель,728,84,0.1154,0.0223,5.166,5.166,9.31,48367.58,3276442.48,5580.88,1,0.0942,0.1406
pillow,all,1-2k,Суббота,Ночь (00-05),Матрас,56170,1452,0.0259,0.0156,1.658,1.658,1.03,5650.5,3257156.79,146.07,1,0.0246,0.0272
pillow,non_marketplace,5-10k,Четверг,День (12-17),Кровать/каркас,1768,87,0.0492,0.0041,12.058,10.0,4.51,40651.4,3243364.16,2000.38,1,0.0401,0.0603
pillow,non_marketplace,10-20k,Четверг,День (12-17),Кровать/каркас,1314,61,0.0464,0.0041,11.375,10.0,4.23,58209.4,3238630.3,2702.26,1,0.0363,0.0592
pillow,non_marketplace,5-10k,Воскресенье,Утро (06-11),Матрас,792,96,0.1212,0.0156,7.776,7.776,10.56,38556.06,3225388.41,4673.46,1,0.1003,0.1458
pillow,non_marketplace,1-2k,Понедельник,День (12-17),Матрас,2484,210,0.0845,0.0156,5.424,5.424,6.9,18658.72,3195867.6,1577.43,1,0.0742,0.0961
pillow,non_marketplace,10-20k,Вторник,День (12-17),Кровать/каркас,1363,67,0.0492,0.0041,12.045,10.0,4.51,51939.88,3191062.13,2553.17,1,0.0389,0.062
pillow,all,0-1k,Суббота,Ночь (00-05),Другая мебель,58823,2797,0.0475,0.0223,2.129,2.129,2.52,2146.17,3183229.66,102.05,1,0.0459,0.0493
pillow,all,1-2k,Пятница,Ночь (00-05),Матрас,55439,1427,0.0257,0.0156,1.651,1.651,1.02,5643.23,3176188.78,145.26,1,0.0245,0.0271
pillow,all,1-2k,Четверг,Ночь (00-05),Матрас,54584,1417,0.026,0.0156,1.665,1.665,1.04,5576.85,3157384.81,144.77,1,0.0247,0.0273
pillow,non_marketplace,1-2k,Среда,День (12-17),Матрас,2416,199,0.0824,0.0156,5.284,5.284,6.68,19391.35,3128600.61,1597.22,1,0.0721,0.094
pillow,non_marketplace,10-20k,Среда,Утро (06-11),Матрас,700,69,0.0986,0.0156,6.324,6.324,8.3,53699.17,3119308.86,5293.2,1,0.0786,0.1229
pillow,non_marketplace,5-10k,Воскресенье,День (12-17),Кровать/каркас,2542,103,0.0405,0.0041,9.929,9.929,3.64,33578.7,3110264.42,1360.58,1,0.0335,0.0489
pillow,all,5-10k,Четверг,Утро (06-11),Матрас,5862,194,0.0331,0.0156,2.123,2.123,1.75,30209.03,3100194.42,999.75,1,0.0288,0.038
pillow,marketplace,1-2k,Суббота,Ночь (00-05),Матрас,55710,1436,0.0258,0.0156,1.654,1.654,1.02,5444.18,3090155.89,140.33,1,0.0245,0.0271
pillow,marketplace,0-1k,Суббота,Ночь (00-05),Другая мебель,58330,2772,0.0475,0.0223,2.128,2.128,2.52,2100.95,3086768.04,99.84,1,0.0458,0.0493
pillow,marketplace,1-2k,Пятница,Ночь (00-05),Матрас,55022,1412,0.0257,0.0156,1.646,1.646,1.01,5561.3,3082804.44,142.72,1,0.0244,0.027
pillow,marketplace,1-2k,Четверг,Ночь (00-05),Матрас,54145,1402,0.0259,0.0156,1.661,1.661,1.03,5442.42,3036881.64,140.92,1,0.0246,0.0273
pillow,non_marketplace,5-10k,Воскресенье,Ночь (00-05),Другая мебель,173,67,0.3873,0.0223,17.34,10.0,36.49,47909.51,3024821.02,18554.55,1,0.3179,0.4616
pillow,non_marketplace,1-2k,Суббота,День (12-17),Кровать/каркас,2904,134,0.0461,0.0041,11.307,10.0,4.21,24599.1,3004751.0,1135.08,1,0.0391,0.0544
pillow,non_marketplace,10-20k,Среда,Вечер (18-23),Матрас,450,59,0.1311,0.0156,8.411,8.411,11.55,57740.44,3001667.17,7570.41,1,0.103,0.1654
pillow,all,10-20k,Пятница,День (12-17),Кровать/каркас,2956,67,0.0227,0.0041,5.554,5.554,1.86,54581.83,2998539.99,1237.14,1,0.0179,0.0287
pillow,non_marketplace,2-3k,Среда,День (12-17),Матрас,1245,144,0.1157,0.0156,7.42,7.42,10.01,23865.74,2973510.94,2760.37,1,0.0991,0.1346
pillow,non_marketplace,10-20k,Воскресенье,День (12-17),Кровать/каркас,1387,61,0.044,0.0041,10.777,10.0,3.99,53393.98,2954804.78,2348.26,1,0.0344,0.0561
pillow,non_marketplace,3-5k,Вторник,Утро (06-11),Матрас,677,92,0.1359,0.0156,8.718,8.718,12.03,36257.01,2953028.77,4927.1,1,0.1121,0.1638
pillow,all,10-20k,Вторник,День (12-17),Кровать/каркас,2864,69,0.0241,0.0041,5.904,5.904,2.0,51283.05,2939136.3,1235.52,1,0.0191,0.0304
pillow,all,0-1k,Понедельник,Ночь (00-05),Другая мебель,56390,2626,0.0466,0.0223,2.085,2.085,2.42,2147.49,2934670.29,100.01,1,0.0449,0.0483
pillow,non_marketplace,3-5k,Среда,День (12-17),Кровать/каркас,1288,84,0.0652,0.0041,15.981,10.0,6.11,37109.68,2922152.55,2420.2,1,0.053,0.08
pillow,all,10-20k,Четверг,День (12-17),Кровать/каркас,2935,63,0.0215,0.0041,5.26,5.26,1.74,57159.26,2916396.75,1226.93,1,0.0168,0.0274
pillow,all,1-2k,Вторник,Ночь (00-05),Матрас,52499,1336,0.0254,0.0156,1.633,1.633,0.99,5575.21,2886060.64,141.88,1,0.0241,0.0268
pillow,all,1-2k,Суббота,Ночь (00-05),Постельное белье,56170,2858,0.0509,0.0278,1.83,1.83,2.31,2206.02,2859300.52,112.24,1,0.0491,0.0527
pillow,non_marketplace,5-10k,Суббота,Утро (06-11),Другая мебель,893,89,0.0997,0.0223,4.462,4.462,7.73,41401.95,2859022.75,4126.29,1,0.0817,0.1211
pillow,non_marketplace,10-20k,Четверг,Вечер (18-23),Матрас,474,67,0.1414,0.0156,9.068,9.068,12.58,47835.41,2851536.44,6761.54,1,0.1129,0.1756
pillow,all,1-2k,Воскресенье,Ночь (00-05),Постельное белье,52082,2724,0.0523,0.0278,1.881,1.881,2.45,2234.11,2850292.23,116.85,1,0.0504,0.0542
pillow,non_marketplace,1-2k,Четверг,День (12-17),Кровать/каркас,2762,130,0.0471,0.0041,11.533,10.0,4.3,23987.77,2848027.54,1129.04,1,0.0398,0.0556
pillow,all,5-10k,Пятница,Вечер (18-23),Другая мебель,8112,276,0.034,0.0223,1.523,1.523,1.17,30001.49,2844810.09,1020.76,1,0.0303,0.0382
pillow,non_marketplace,5-10k,Пятница,День (12-17),Кровать/каркас,1922,87,0.0453,0.0041,11.092,10.0,4.12,35878.06,2839975.61,1624.03,1,0.0368,0.0555
pillow,marketplace,1-2k,Суббота,Ночь (00-05),Постельное белье,55710,2841,0.051,0.0278,1.834,1.834,2.32,2197.73,2839313.89,112.08,1,0.0492,0.0529
pillow,marketplace,1-2k,Воскресенье,Ночь (00-05),Постельное белье,51685,2710,0.0524,0.0278,1.886,1.886,2.46,2230.14,2838622.24,116.93,1,0.0505,0.0544
pillow,marketplace,0-1k,Понедельник,Ночь (00-05),Другая мебель,55939,2603,0.0465,0.0223,2.083,2.083,2.42,2089.37,2828234.67,97.22,1,0.0448,0.0483
pillow,all,5-10k,Вторник,Утро (06-11),Матрас,5997,184,0.0307,0.0156,1.968,1.968,1.51,31104.14,2815559.36,954.34,1,0.0266,0.0354
pillow,all,5-10k,Суббота,День (12-17),Кровать/каркас,12212,132,0.0108,0.0041,2.649,2.649,0.67,34155.52,2806318.38,369.19,1,0.0091,0.0128
mattress,all,50-100k,Пятница,День (12-17),Кровать/каркас,257,76,0.2957,0.1103,2.682,2.682,18.55,58832.22,2804208.29,17397.86,1,0.2433,0.3542
pillow,all,10-20k,Воскресенье,Вечер (18-23),Матрас,1998,92,0.046,0.0156,2.954,2.954,3.05,46017.61,2800434.6,2118.93,1,0.0377,0.0561
mattress,non_marketplace,30-50k,Суббота,День (12-17),Кровать/каркас,530,132,0.2491,0.1103,2.259,2.259,13.88,37901.64,2788230.65,9439.65,1,0.2141,0.2876
pillow,marketplace,1-2k,Вторник,Ночь (00-05),Матрас,52048,1320,0.0254,0.0156,1.627,1.627,0.98,5464.02,2779493.28,138.57,1,0.024,0.0267
pillow,non_marketplace,2-3k,Понедельник,День (12-17),Матрас,1300,145,0.1115,0.0156,7.156,7.156,9.6,22254.27,2775907.56,2482.21,1,0.0956,0.1298
pillow,non_marketplace,5-10k,Среда,День (12-17),Кровать/каркас,1720,79,0.0459,0.0041,11.255,10.0,4.18,38563.46,2775824.35,1771.23,1,0.037,0.0569
pillow,non_marketplace,5-10k,Воскресенье,Утро (06-11),Другая мебель,792,81,0.1023,0.0223,4.579,4.579,7.99,43778.88,2771687.13,4477.39,1,0.0831,0.1253
pillow,non_marketplace,5-10k,Пятница,Ночь (00-05),Другая мебель,177,62,0.3503,0.0223,15.683,10.0,32.79,47545.09,2759839.85,16654.21,1,0.2839,0.4231
mattress,non_marketplace,50-100k,Пятница,День (12-17),Кровать/каркас,252,74,0.2937,0.1103,2.663,2.663,18.34,59280.5,2739693.98,17407.77,1,0.2409,0.3526
pillow,all,1-2k,Четверг,Ночь (00-05),Постельное белье,54584,2779,0.0509,0.0278,1.831,1.831,2.31,2167.04,2733156.72,110.33,1,0.0491,0.0528
pillow,all,1-2k,Пятница,Ночь (00-05),Постельное белье,55439,2775,0.0501,0.0278,1.8,1.8,2.22,2203.49,2717922.37,110.3,1,0.0483,0.0519
pillow,all,1-2k,Воскресенье,Ночь (00-05),Матрас,52082,1314,0.0252,0.0156,1.619,1.619,0.96,5388.74,2706009.96,135.95,1,0.0239,0.0266
pillow,non_marketplace,2-3k,Суббота,День (12-17),Кровать/каркас,1740,91,0.0523,0.0041,12.815,10.0,4.82,32215.79,2702875.28,1684.85,1,0.0428,0.0638
pillow,marketplace,1-2k,Пятница,Ночь (00-05),Постельное белье,55022,2760,0.0502,0.0278,1.804,1.804,2.24,2197.32,2702838.71,110.22,1,0.0484,0.052
mattress,all,30-50k,Суббота,День (12-17),Кровать/каркас,562,133,0.2367,0.1103,2.146,2.146,12.64,38017.47,2700637.58,8997.02,1,0.2034,0.2735
pillow,all,0-1k,Четверг,Ночь (00-05),Другая мебель,58229,2694,0.0463,0.0223,2.071,2.071,2.39,1936.83,2698937.01,89.61,1,0.0446,0.048
pillow,all,10-20k,Среда,Утро (06-11),Матрас,1590,77,0.0484,0.0156,3.107,3.107,3.28,51682.89,2698648.58,2502.88,1,0.0389,0.0601
pillow,marketplace,1-2k,Четверг,Ночь (00-05),Постельное белье,54145,2755,0.0509,0.0278,1.83,1.83,2.31,2157.18,2695278.09,109.76,1,0.0491,0.0528
pillow,non_marketplace,3-5k,Суббота,День (12-17),Кровать/каркас,1654,96,0.058,0.0041,14.222,10.0,5.4,30169.86,2692660.84,1751.09,1,0.0478,0.0704
pillow,all,10-20k,Пятница,Утро (06-11),Матрас,1519,72,0.0474,0.0156,3.041,3.041,3.18,55616.36,2687507.04,2636.19,1,0.0378,0.0593
pillow,all,1-2k,Понедельник,Ночь (00-05),Постельное белье,55266,2733,0.0495,0.0278,1.778,1.778,2.16,2244.06,2684516.26,110.97,1,0.0477,0.0513
pillow,non_marketplace,3-5k,Вторник,День (12-17),Кровать/каркас,1253,89,0.071,0.0041,17.405,10.0,6.69,31858.81,2672524.3,2262.92,1,0.0581,0.0866
pillow,marketplace,1-2k,Воскресенье,Ночь (00-05),Матрас,51685,1303,0.0252,0.0156,1.617,1.617,0.96,5320.25,2646016.09,134.13,1,0.0239,0.0266
pillow,marketplace,1-2k,Понедельник,Ночь (00-05),Постельное белье,54885,2711,0.0494,0.0278,1.776,1.776,2.16,2231.76,2644343.34,110.24,1,0.0476,0.0512
pillow,marketplace,0-1k,Четверг,Ночь (00-05),Другая мебель,57733,2674,0.0463,0.0223,2.074,2.074,2.4,1905.74,2638613.64,88.27,1,0.0446,0.0481
pillow,non_marketplace,5-10k,Понедельник,Ночь (00-05),Другая мебель,160,65,0.4062,0.0223,18.189,10.0,38.39,42815.17,2629984.99,17393.66,1,0.3332,0.4837
mattress,non_marketplace,<20k,Воскресенье,День (12-17),Кровать/каркас,539,179,0.3321,0.1103,3.012,3.012,22.18,21991.27,2629554.28,7303.22,1,0.2936,0.3729
pillow,non_marketplace,5-10k,Понедельник,День (12-17),Кровать/каркас,1786,83,0.0465,0.0041,11.388,10.0,4.24,34623.11,2621362.48,1609.02,1,0.0376,0.0572
pillow,all,5-10k,Вторник,Ночь (00-05),Другая мебель,2371,166,0.07,0.0223,3.135,3.135,4.77,23147.62,2616718.68,1620.63,1,0.0604,0.081
pillow,all,5-10k,Вторник,День (12-17),Кровать/каркас,10381,121,0.0117,0.0041,2.856,2.856,0.76,33237.36,2613627.42,387.41,1,0.0098,0.0139
pillow,all,5-10k,Четверг,День (12-17),Другая мебель,10487,313,0.0298,0.0223,1.336,1.336,0.75,33152.85,2611707.72,989.5,1,0.0268,0.0333
pillow,all,0-1k,Воскресенье,Ночь (00-05),Другая мебель,52635,2477,0.0471,0.0223,2.107,2.107,2.47,2005.47,2609959.62,94.38,1,0.0453,0.0489
pillow,non_marketplace,10-20k,Вторник,Вечер (18-23),Матрас,458,55,0.1201,0.0156,7.704,7.704,10.45,54402.58,2603752.19,6533.06,1,0.0934,0.1531
pillow,all,10-20k,Воскресенье,День (12-17),Кровать/каркас,3181,63,0.0198,0.0041,4.853,4.853,1.57,51810.48,2591475.94,1026.11,1,0.0155,0.0253
pillow,non_marketplace,10-20k,Понедельник,Вечер (18-23),Матрас,486,57,0.1173,0.0156,7.524,7.524,10.17,52393.23,2589502.09,6144.88,1,0.0916,0.1489
pillow,non_marketplace,10-20k,Воскресенье,Утро (06-11),Матрас,387,51,0.1318,0.0156,8.454,8.454,11.62,57315.25,2577326.4,7553.17,1,0.1017,0.1691
pillow,all,5-10k,Среда,Вечер (18-23),Другая мебель,8851,293,0.0331,0.0223,1.482,1.482,1.08,27026.05,2576043.77,894.66,1,0.0296,0.037
pillow,all,0-1k,Пятница,Ночь (00-05),Другая мебель,59509,2659,0.0447,0.0223,2.001,2.001,2.23,1930.87,2567859.36,86.28,1,0.0431,0.0464
pillow,non_marketplace,1-2k,Пятница,День (12-17),Кровать/каркас,2712,112,0.0413,0.0041,10.12,10.0,3.72,25413.52,2565046.59,1049.53,1,0.0344,0.0495
pillow,marketplace,0-1k,Пятница,Ночь (00-05),Другая мебель,59012,2650,0.0449,0.0223,2.011,2.011,2.26,1920.67,2558321.65,86.25,1,0.0433,0.0466
pillow,non_marketplace,3-5k,Среда,Утро (06-11),Матрас,650,113,0.1738,0.0156,11.153,10.0,15.83,24829.4,2554150.49,4316.5,1,0.1467,0.2049
pillow,non_marketplace,5-10k,Пятница,Утро (06-11),Другая мебель,717,75,0.1046,0.0223,4.683,4.683,8.23,43289.89,2553503.81,4528.23,1,0.0843,0.1292
pillow,non_marketplace,1-2k,Вторник,День (12-17),Матрас,2515,176,0.07,0.0156,4.489,4.489,5.44,18567.5,2539975.72,1299.36,1,0.0607,0.0806
pillow,non_marketplace,10-20k,Пятница,Вечер (18-23),Матрас,484,56,0.1157,0.0156,7.423,7.423,10.01,52309.45,2534682.64,6052.33,1,0.0902,0.1473
pillow,marketplace,0-1k,Воскресенье,Ночь (00-05),Другая мебель,52194,2462,0.0472,0.0223,2.112,2.112,2.48,1948.59,2525907.07,91.92,1,0.0454,0.049
pillow,non_marketplace,5-10k,Суббота,Вечер (18-23),Кровать/каркас,1225,76,0.062,0.0041,15.202,10.0,5.8,35529.97,2522655.82,2204.31,1,0.0499,0.077
pillow,all,0-1k,Вторник,Ночь (00-05),Другая мебель,53590,2454,0.0458,0.0223,2.05,2.05,2.35,1999.91,2514072.73,91.58,1,0.0441,0.0476
pillow,all,1-2k,Суббота,Ночь (00-05),Другая мебель,56170,2256,0.0402,0.0223,1.798,1.798,1.78,2504.59,2508268.7,100.59,1,0.0386,0.0418
pillow,all,5-10k,Пятница,Утро (06-11),Матрас,6169,162,0.0263,0.0156,1.685,1.685,1.07,37993.53,2501467.77,997.72,1,0.0226,0.0306
pillow,non_marketplace,2-3k,Четверг,День (12-17),Матрас,1299,125,0.0962,0.0156,6.173,6.173,8.06,23802.09,2493305.93,2290.42,1,0.0814,0.1135
pillow,non_marketplace,5-10k,Четверг,Ночь (00-05),Другая мебель,181,63,0.3481,0.0223,15.584,10.0,32.57,42277.97,2492601.2,14715.54,1,0.2825,0.42
mattress,non_marketplace,<20k,Понедельник,День (12-17),Кровать/каркас,560,186,0.3321,0.1103,3.013,3.013,22.19,20019.93,2487622.16,6649.48,1,0.2944,0.3722
pillow,all,1-2k,Вторник,Ночь (00-05),Постельное белье,52499,2596,0.0494,0.0278,1.778,1.778,2.16,2188.46,2486553.18,108.22,1,0.0476,0.0513
pillow,non_marketplace,10-20k,Суббота,День (12-17),Кровать/каркас,1516,58,0.0383,0.0041,9.375,9.375,3.42,47972.54,2485611.89,1835.36,1,0.0297,0.0491
pillow,all,1-2k,Среда,Ночь (00-05),Матрас,54344,1295,0.0238,0.0156,1.529,1.529,0.82,5538.2,2480563.96,131.97,1,0.0226,0.0251
pillow,all,20-30k,Понедельник,День (12-17),Матрас,418,32,0.0766,0.0156,4.911,4.911,6.1,97005.19,2472112.25,7426.23,1,0.0547,0.1061
pillow,marketplace,1-2k,Вторник,Ночь (00-05),Постельное белье,52048,2581,0.0496,0.0278,1.783,1.783,2.18,2179.1,2470567.48,108.06,1,0.0478,0.0515
pillow,all,0-1k,Среда,Ночь (00-05),Другая мебель,57480,2544,0.0443,0.0223,1.982,1.982,2.19,1959.8,2469760.55,86.74,1,0.0426,0.046
pillow,non_marketplace,3-5k,Пятница,День (12-17),Кровать/каркас,1303,70,0.0537,0.0041,13.164,10.0,4.96,38179.0,2469511.98,2051.06,1,0.0427,0.0673
pillow,all,0-1k,Пятница,Утро (06-11),Постельное белье,91145,4021,0.0441,0.0278,1.587,1.587,1.63,1660.74,2468888.52,73.27,1,0.0428,0.0455
pillow,marketplace,1-2k,Суббота,Ночь (00-05),Другая мебель,55710,2247,0.0403,0.0223,1.806,1.806,1.8,2454.27,2460999.03,98.99,1,0.0387,0.042
pillow,all,1-2k,Понедельник,Ночь (00-05),Матрас,55266,1302,0.0236,0.0156,1.511,1.511,0.8,5572.74,2454953.81,131.29,1,0.0223,0.0249
pillow,all,0-1k,Суббота,Утро (06-11),Постельное белье,91016,3990,0.0438,0.0278,1.577,1.577,1.6,1674.62,2443623.77,73.41,1,0.0425,0.0452
pillow,non_marketplace,3-5k,Понедельник,День (12-17),Кровать/каркас,1357,78,0.0575,0.0041,14.085,10.0,5.34,33633.46,2437151.27,1933.24,1,0.0463,0.0712
pillow,non_marketplace,3-5k,Суббота,Утро (06-11),Матрас,648,87,0.1343,0.0156,8.613,8.613,11.87,31604.4,2430351.84,4243.18,1,0.1102,0.1627
pillow,marketplace,1-2k,Понедельник,Ночь (00-05),Матрас,54885,1294,0.0236,0.0156,1.513,1.513,0.8,5521.44,2420970.89,130.18,1,0.0223,0.0249
pillow,marketplace,0-1k,Пятница,Утро (06-11),Постельное белье,89441,3952,0.0442,0.0278,1.589,1.589,1.64,1651.64,2419666.86,72.98,1,0.0429,0.0456
pillow,non_marketplace,3-5k,Воскресенье,Вечер (18-23),Матрас,866,109,0.1259,0.0156,8.075,8.075,11.03,25322.01,2418278.36,3187.18,1,0.1054,0.1496
pillow,all,5-10k,Среда,Ночь (00-05),Другая мебель,2363,140,0.0592,0.0223,2.653,2.653,3.69,27724.76,2418250.58,1642.6,1,0.0504,0.0695
mattress,non_marketplace,50-100k,Вторник,День (12-17),Кровать/каркас,206,66,0.3204,0.1103,2.906,2.906,21.01,55852.85,2417730.21,17894.6,1,0.2605,0.3869
pillow,marketplace,0-1k,Суббота,Утро (06-11),Постельное белье,89226,3935,0.0441,0.0278,1.586,1.586,1.63,1661.4,2415642.39,73.27,1,0.0428,0.0455
mattress,all,50-100k,Вторник,День (12-17),Кровать/каркас,207,66,0.3188,0.1103,2.892,2.892,20.86,55852.85,2411572.16,17808.16,1,0.2591,0.3851
pillow,all,0-1k,Пятница,Ночь (00-05),Одеяло,59509,5467,0.0919,0.0527,1.744,1.744,3.92,1029.55,2401165.36,94.58,1,0.0896,0.0942
pillow,non_marketplace,20-30k,Пятница,День (12-17),Матрас,213,32,0.1502,0.0156,9.638,9.638,13.46,83603.93,2397745.32,12560.22,1,0.1085,0.2044
pillow,non_marketplace,2-3k,Вторник,День (12-17),Кровать/каркас,1372,76,0.0554,0.0041,13.574,10.0,5.13,33952.52,2390287.2,1880.75,1,0.0445,0.0688
pillow,non_marketplace,5-10k,Суббота,Утро (06-11),Кровать/каркас,893,65,0.0728,0.0041,17.836,10.0,6.87,38934.98,2388881.79,2834.01,1,0.0575,0.0917
pillow,marketplace,0-1k,Вторник,Ночь (00-05),Другая мебель,53140,2431,0.0457,0.0223,2.048,2.048,2.34,1918.77,2387227.28,87.78,1,0.044,0.0476
pillow,marketplace,0-1k,Среда,Ночь (00-05),Другая мебель,57000,2525,0.0443,0.0223,1.983,1.983,2.2,1906.0,2386182.11,84.43,1,0.0426,0.046
mattress,non_marketplace,<20k,Суббота,День (12-17),Кровать/каркас,624,198,0.3173,0.1103,2.878,2.878,20.71,18467.66,2386039.41,5859.93,1,0.282,0.3548
pillow,non_marketplace,5-10k,Понедельник,Утро (06-11),Матрас,675,80,0.1185,0.0156,7.603,7.603,10.29,34308.91,2383723.9,4066.24,1,0.0963,0.1451
pillow,marketplace,0-1k,Пятница,Ночь (00-05),Одеяло,59012,5427,0.092,0.0527,1.746,1.746,3.93,1026.29,2379370.41,94.38,1,0.0897,0.0943
pillow,marketplace,1-2k,Среда,Ночь (00-05),Матрас,53914,1279,0.0237,0.0156,1.522,1.522,0.81,5416.2,2375561.01,128.49,1,0.0225,0.025
pillow,non_marketplace,1-2k,Понедельник,День (12-17),Кровать/каркас,2484,101,0.0407,0.0041,9.963,9.963,3.66,26090.77,2370680.81,1060.86,1,0.0336,0.0492
pillow,all,5-10k,Пятница,Вечер (18-23),Матрас,8112,214,0.0264,0.0156,1.692,1.692,1.08,26981.95,2362333.36,711.8,1,0.0231,0.0301
pillow,all,0-1k,Четверг,Ночь (00-05),Одеяло,58229,5337,0.0917,0.0527,1.74,1.74,3.9,1039.55,2359434.64,95.28,1,0.0893,0.094
pillow,all,0-1k,Четверг,Утро (06-11),Постельное белье,88307,3854,0.0436,0.0278,1.57,1.57,1.58,1673.59,2340582.41,73.04,1,0.0423,0.045
pillow,all,0-1k,Суббота,Ночь (00-05),Одеяло,58823,5440,0.0925,0.0527,1.756,1.756,3.98,998.22,2337203.57,92.32,1,0.0902,0.0948
pillow,all,0-1k,Воскресенье,Ночь (00-05),Одеяло,52635,5013,0.0952,0.0527,1.808,1.808,4.26,1041.0,2332197.51,99.15,1,0.0928,0.0978
pillow,marketplace,0-1k,Четверг,Ночь (00-05),Одеяло,57733,5291,0.0916,0.0527,1.74,1.74,3.9,1036.21,2331260.54,94.96,1,0.0893,0.094
pillow,non_marketplace,5-10k,Вторник,Утро (06-11),Другая мебель,736,72,0.0978,0.0223,4.38,4.38,7.55,41891.8,2327583.03,4098.11,1,0.0784,0.1214
pillow,all,20-30k,Пятница,День (12-17),Матрас,415,35,0.0843,0.0156,5.41,5.41,6.87,81468.08,2324373.49,6870.8,1,0.0613,0.115
pillow,all,1-2k,Среда,Ночь (00-05),Постельное белье,54344,2553,0.047,0.0278,1.69,1.69,1.92,2229.1,2322521.86,104.72,1,0.0452,0.0488
pillow,non_marketplace,1-2k,Суббота,Утро (06-11),Матрас,1633,132,0.0808,0.0156,5.186,5.186,6.52,21725.92,2314793.31,1756.17,1,0.0686,0.0951
pillow,marketplace,0-1k,Четверг,Утро (06-11),Постельное белье,86656,3801,0.0439,0.0278,1.577,1.577,1.61,1660.29,2310203.75,72.83,1,0.0425,0.0452
pillow,marketplace,0-1k,Воскресенье,Ночь (00-05),Одеяло,52194,4973,0.0953,0.0527,1.809,1.809,4.26,1036.44,2304599.94,98.75,1,0.0928,0.0978
pillow,marketplace,0-1k,Суббота,Ночь (00-05),Одеяло,58330,5389,0.0924,0.0527,1.754,1.754,3.97,993.25,2300719.6,91.76,1,0.0901,0.0948
pillow,marketplace,1-2k,Среда,Ночь (00-05),Постельное белье,53914,2535,0.047,0.0278,1.691,1.691,1.92,2212.72,2292084.05,104.04,1,0.0453,0.0488
pillow,non_marketplace,1-2k,Воскресенье,День (12-17),Кровать/каркас,2792,114,0.0408,0.0041,10.005,10.0,3.67,22216.49,2279542.66,907.12,1,0.0341,0.0488
pillow,all,5-10k,Четверг,День (12-17),Кровать/каркас,10487,109,0.0104,0.0041,2.547,2.547,0.63,34290.78,2270140.33,356.41,1,0.0086,0.0125
pillow,all,5-10k,Воскресенье,Ночь (00-05),Другая мебель,2455,148,0.0603,0.0223,2.699,2.699,3.8,24320.52,2265912.21,1466.17,1,0.0515,0.0704
pillow,non_marketplace,10-20k,Понедельник,Утро (06-11),Матрас,483,54,0.1118,0.0156,7.172,7.172,9.62,48721.18,2264128.4,5447.09,1,0.0867,0.143
pillow,all,1-2k,Воскресенье,Ночь (00-05),Другая мебель,52082,2015,0.0387,0.0223,1.732,1.732,1.64,2648.6,2256005.47,102.47,1,0.0371,0.0404
pillow,all,0-1k,Суббота,Ночь (00-05),Детские товары,58823,3804,0.0647,0.0281,2.302,2.302,3.66,1036.87,2230851.85,67.05,1,0.0627,0.0667
pillow,marketplace,0-1k,Суббота,Ночь (00-05),Детские товары,58330,3782,0.0648,0.0281,2.308,2.308,3.67,1040.28,2229714.61,67.45,1,0.0629,0.0669
pillow,all,1-2k,Четверг,Ночь (00-05),Другая мебель,54584,2162,0.0396,0.0223,1.773,1.773,1.73,2361.31,2226463.26,93.53,1,0.038,0.0413
pillow,all,10-20k,Суббота,День (12-17),Кровать/каркас,3245,61,0.0188,0.0041,4.606,4.606,1.47,46411.6,2216487.37,872.45,1,0.0147,0.0241
pillow,all,0-1k,Понедельник,Ночь (00-05),Одеяло,56390,5102,0.0905,0.0527,1.718,1.718,3.78,1037.59,2211663.0,93.88,1,0.0881,0.0929
pillow,all,10-20k,Четверг,Вечер (18-23),Матрас,1839,78,0.0424,0.0156,2.721,2.721,2.68,44827.02,2211503.97,1901.31,1,0.0341,0.0526
pillow,all,0-1k,Вторник,Ночь (00-05),Одеяло,53590,4960,0.0926,0.0527,1.757,1.757,3.99,1031.25,2203819.93,95.45,1,0.0901,0.095
pillow,marketplace,0-1k,Понедельник,Ночь (00-05),Одеяло,55939,5072,0.0907,0.0527,1.721,1.721,3.8,1036.23,2202306.38,93.96,1,0.0883,0.0931
pillow,all,5-10k,Среда,Утро (06-11),Матрас,6200,169,0.0273,0.0156,1.749,1.749,1.17,30334.91,2194915.59,826.87,1,0.0235,0.0316
pillow,non_marketplace,3-5k,Воскресенье,Утро (06-11),Матрас,631,81,0.1284,0.0156,8.235,8.235,11.28,30814.48,2192886.15,3955.58,1,0.1045,0.1567
pillow,non_marketplace,1-2k,Среда,День (12-17),Кровать/каркас,2416,103,0.0426,0.0041,10.447,10.0,3.86,23446.45,2183810.29,999.58,1,0.0353,0.0514
pillow,non_marketplace,2-3k,Пятница,День (12-17),Кровать/каркас,1428,74,0.0518,0.0041,12.698,10.0,4.77,32028.56,2183462.09,1659.74,1,0.0415,0.0646
pillow,marketplace,1-2k,Четверг,Ночь (00-05),Другая мебель,54145,2153,0.0398,0.0223,1.78,1.78,1.74,2312.55,2182347.25,91.96,1,0.0382,0.0414
pillow,marketplace,0-1k,Вторник,Ночь (00-05),Одеяло,53140,4916,0.0925,0.0527,1.756,1.756,3.98,1028.55,2177167.32,95.15,1,0.0901,0.095
pillow,all,5-10k,Четверг,Вечер (18-23),Другая мебель,8912,277,0.0311,0.0223,1.392,1.392,0.87,27822.96,2168929.83,864.78,1,0.0277,0.0349
pillow,all,10-20k,Среда,Вечер (18-23),Матрас,1760,69,0.0392,0.0156,2.515,2.515,2.36,51960.6,2159773.41,2037.09,1,0.0311,0.0493
pillow,marketplace,0-1k,Пятница,Ночь (00-05),Детские товары,59012,3666,0.0621,0.0281,2.211,2.211,3.4,1074.2,2157231.7,66.73,1,0.0602,0.0641
pillow,all,0-1k,Пятница,Ночь (00-05),Детские товары,59509,3679,0.0618,0.0281,2.201,2.201,3.37,1073.56,2154906.82,66.37,1,0.0599,0.0638
mattress,non_marketplace,30-50k,Суббота,День (12-17),Другая мебель,530,108,0.2038,0.0998,2.042,2.042,10.4,38977.33,2147812.42,7942.55,1,0.1717,0.2401
mattress,non_marketplace,<20k,Среда,День (12-17),Кровать/каркас,525,166,0.3162,0.1103,2.868,2.868,20.59,19840.63,2145093.41,6273.42,1,0.2779,0.3572
pillow,all,1-2k,Пятница,Ночь (00-05),Другая мебель,55439,2107,0.038,0.0223,1.702,1.702,1.57,2468.67,2144769.99,93.82,1,0.0364,0.0396
pillow,all,5-10k,Воскресенье,День (12-17),Кровать/каркас,12756,125,0.0098,0.0041,2.401,2.401,0.57,29252.43,2133756.35,286.65,1,0.0082,0.0117
pillow,marketplace,0-1k,Четверг,Ночь (00-05),Детские товары,57733,3666,0.0635,0.0281,2.26,2.26,3.54,1041.15,2128253.26,66.11,1,0.0615,0.0655
pillow,all,0-1k,Четверг,Ночь (00-05),Детские товары,58229,3682,0.0632,0.0281,2.251,2.251,3.51,1039.76,2127572.93,65.75,1,0.0613,0.0652
mattress,non_marketplace,50-100k,Четверг,День (12-17),Кровать/каркас,212,63,0.2972,0.1103,2.695,2.695,18.69,53644.85,2125729.0,15941.63,1,0.2397,0.3619
pillow,non_marketplace,20-30k,Четверг,День (12-17),Матрас,190,34,0.1789,0.0156,11.48,10.0,16.34,68428.86,2123917.59,12245.16,1,0.131,0.2396
pillow,all,1-2k,Понедельник,Ночь (00-05),Другая мебель,55266,2110,0.0382,0.0223,1.709,1.709,1.58,2424.06,2122654.55,92.55,1,0.0366,0.0398
mattress,all,30-50k,Суббота,День (12-17),Другая мебель,562,112,0.1993,0.0998,1.997,1.997,9.95,37820.38,2114553.77,7537.16,1,0.1684,0.2343
mattress,all,30-50k,Вторник,День (12-17),Кровать/каркас,365,95,0.2603,0.1103,2.361,2.361,15.0,38456.86,2105781.11,10009.32,1,0.2179,0.3076
pillow,all,0-1k,Среда,Утро (06-11),Постельное белье,89765,3796,0.0423,0.0278,1.521,1.521,1.45,1619.37,2105179.34,68.48,1,0.041,0.0436
pillow,all,0-1k,Понедельник,Утро (06-11),Постельное белье,83876,3564,0.0425,0.0278,1.528,1.528,1.47,1708.18,2104039.66,72.58,1,0.0411,0.0439
pillow,marketplace,1-2k,Пятница,Ночь (00-05),Другая мебель,55022,2096,0.0381,0.0223,1.706,1.706,1.58,2422.7,2100748.56,92.29,1,0.0365,0.0397
mattress,non_marketplace,50-100k,Суббота,День (12-17),Кровать/каркас,338,78,0.2308,0.1103,2.093,2.093,12.05,51369.07,2092460.12,11854.4,1,0.189,0.2786
pillow,marketplace,1-2k,Понедельник,Ночь (00-05),Другая мебель,54885,2098,0.0382,0.0223,1.711,1.711,1.59,2398.19,2091626.4,91.67,1,0.0367,0.0399
pillow,all,0-1k,Среда,Ночь (00-05),Одеяло,57480,5055,0.0879,0.0527,1.669,1.669,3.53,1029.39,2086706.8,90.53,1,0.0857,0.0903
mattress,non_marketplace,<20k,Пятница,День (12-17),Кровать/каркас,583,168,0.2882,0.1103,2.614,2.614,17.79,20115.55,2086412.83,5796.59,1,0.2529,0.3262
pillow,all,0-1k,Вторник,Утро (06-11),Постельное белье,82193,3502,0.0426,0.0278,1.532,1.532,1.48,1714.76,2086081.53,73.06,1,0.0412,0.044
mattress,non_marketplace,30-50k,Вторник,День (12-17),Кровать/каркас,337,91,0.27,0.1103,2.449,2.449,15.98,38720.6,2084876.15,10455.71,1,0.2254,0.3198
pillow,non_marketplace,3-5k,Четверг,День (12-17),Другая мебель,1327,83,0.0625,0.0223,2.8,2.8,4.02,39067.22,2084707.96,2443.54,1,0.0507,0.0769
pillow,non_marketplace,20-30k,Суббота,День (12-17),Матрас,212,36,0.1698,0.0156,10.894,10.0,15.42,63572.24,2078519.8,10795.29,1,0.1253,0.2261
pillow,marketplace,0-1k,Понедельник,Утро (06-11),Постельное белье,82431,3514,0.0426,0.0278,1.533,1.533,1.48,1698.22,2075101.07,72.39,1,0.0413,0.044
pillow,marketplace,0-1k,Среда,Утро (06-11),Постельное белье,88245,3745,0.0424,0.0278,1.526,1.526,1.46,1605.8,2073509.63,68.15,1,0.0411,0.0438
mattress,all,50-100k,Четверг,День (12-17),Кровать/каркас,221,63,0.2851,0.1103,2.586,2.586,17.48,53644.85,2072497.55,15292.42,1,0.2296,0.3479
mattress,all,50-100k,Среда,День (12-17),Кровать/каркас,210,60,0.2857,0.1103,2.591,2.591,17.55,56198.41,2070713.33,16056.69,1,0.2289,0.3502
pillow,all,5-10k,Пятница,Ночь (00-05),Другая мебель,2397,146,0.0609,0.0223,2.727,2.727,3.86,22374.78,2068864.77,1362.84,1,0.052,0.0712
pillow,non_marketplace,2-3k,Пятница,День (12-17),Другая мебель,1428,98,0.0686,0.0223,3.073,3.073,4.63,31265.04,2066815.96,2145.64,1,0.0566,0.0829
pillow,marketplace,1-2k,Воскресенье,Ночь (00-05),Другая мебель,51685,1993,0.0386,0.0223,1.726,1.726,1.62,2456.96,2060503.36,94.74,1,0.0369,0.0403
mattress,all,50-100k,Суббота,День (12-17),Кровать/каркас,344,78,0.2267,0.1103,2.057,2.057,11.65,51369.07,2058477.98,11647.64,1,0.1857,0.2739
pillow,marketplace,0-1k,Среда,Ночь (00-05),Одеяло,57000,5009,0.0879,0.0527,1.668,1.668,3.52,1024.67,2055897.79,90.04,1,0.0856,0.0902
mattress,non_marketplace,50-100k,Среда,День (12-17),Кровать/каркас,206,59,0.2864,0.1103,2.598,2.598,17.62,56582.62,2053241.55,16205.7,1,0.229,0.3516
pillow,marketplace,0-1k,Вторник,Утро (06-11),Постельное белье,80594,3443,0.0427,0.0278,1.536,1.536,1.49,1705.04,2049468.09,72.84,1,0.0413,0.0441
pillow,non_marketplace,3-5k,Воскресенье,День (12-17),Кровать/каркас,1650,70,0.0424,0.0041,10.396,10.0,3.83,32111.14,2031555.13,1362.29,1,0.0337,0.0533
pillow,all,1-2k,Вторник,Ночь (00-05),Другая мебель,52499,1986,0.0378,0.0223,1.694,1.694,1.55,2491.46,2026699.93,94.25,1,0.0362,0.0395
pillow,non_marketplace,5-10k,Вторник,Утро (06-11),Кровать/каркас,736,58,0.0788,0.0041,19.31,10.0,7.47,36826.8,2025341.09,2902.11,1,0.0615,0.1005
pillow,non_marketplace,2-3k,Суббота,Утро (06-11),Матрас,841,90,0.107,0.0156,6.865,6.865,9.14,26333.5,2024801.87,2818.09,1,0.0879,0.1297
mattress,non_marketplace,<20k,Вторник,День (12-17),Кровать/каркас,555,163,0.2937,0.1103,2.664,2.664,18.34,19871.07,2023044.44,5836.01,1,0.2573,0.3329
mattress,non_marketplace,30-50k,Воскресенье,День (12-17),Другая мебель,420,100,0.2381,0.0998,2.386,2.386,13.83,34804.09,2021509.61,8286.69,1,0.1999,0.2811
pillow,non_marketplace,3-5k,Четверг,Вечер (18-23),Матрас,772,84,0.1088,0.0156,6.98,6.98,9.32,28081.13,2020894.65,3055.46,1,0.0887,0.1327
pillow,non_marketplace,3-5k,Понедельник,Утро (06-11),Матрас,596,76,0.1275,0.0156,8.181,8.181,11.19,30237.8,2017155.04,3855.83,1,0.1031,0.1567
pillow,non_marketplace,3-5k,Пятница,Утро (06-11),Матрас,624,78,0.125,0.0156,8.019,8.019,10.94,29503.82,2014321.73,3687.98,1,0.1013,0.1533
pillow,non_marketplace,3-5k,Среда,День (12-17),Другая мебель,1288,94,0.073,0.0223,3.268,3.268,5.06,30707.48,2003145.0,2241.07,1,0.06,0.0885
pillow,all,10-20k,Воскресенье,Утро (06-11),Матрас,1244,56,0.045,0.0156,2.888,2.888,2.94,54670.14,2001411.81,2461.04,1,0.0348,0.058
pillow,non_marketplace,3-5k,Суббота,Вечер (18-23),Матрас,893,76,0.0851,0.0156,5.46,5.46,6.95,32233.39,2001053.72,2743.27,1,0.0685,0.1052
pillow,all,5-10k,Пятница,День (12-17),Кровать/каркас,10691,106,0.0099,0.0041,2.43,2.43,0.58,32055.96,1999334.6,317.83,1,0.0082,0.012
pillow,all,20-30k,Четверг,День (12-17),Матрас,397,36,0.0907,0.0156,5.817,5.817,7.51,66941.53,1995639.02,6070.26,1,0.0662,0.123
mattress,non_marketplace,<20k,Четверг,День (12-17),Кровать/каркас,545,159,0.2917,0.1103,2.646,2.646,18.15,20066.29,1984778.53,5854.2,1,0.2551,0.3313
pillow,non_marketplace,3-5k,Понедельник,Вечер (18-23),Матрас,808,85,0.1052,0.0156,6.749,6.749,8.96,27212.2,1970302.22,2862.67,1,0.0859,0.1283
mattress,all,30-50k,Воскресенье,День (12-17),Другая мебель,451,102,0.2262,0.0998,2.266,2.266,12.64,34288.12,1954032.27,7754.74,1,0.19,0.267
pillow,non_marketplace,3-5k,Понедельник,День (12-17),Другая мебель,1357,86,0.0634,0.0223,2.838,2.838,4.1,34912.49,1944347.98,2212.58,1,0.0516,0.0776
pillow,all,10-20k,Понедельник,Утро (06-11),Матрас,1377,65,0.0472,0.0156,3.028,3.028,3.16,44564.29,1940137.5,2103.62,1,0.0372,0.0597
pillow,all,1-2k,Среда,Ночь (00-05),Другая мебель,54344,2010,0.037,0.0223,1.656,1.656,1.47,2435.8,1939509.71,90.09,1,0.0354,0.0386
pillow,all,5-10k,Среда,День (12-17),Кровать/каркас,10270,100,0.0097,0.0041,2.386,2.386,0.57,33322.62,1935651.73,324.47,1,0.008,0.0118
pillow,non_marketplace,3-5k,Суббота,День (12-17),Другая мебель,1654,93,0.0562,0.0223,2.518,2.518,3.39,34394.55,1928113.09,1933.91,1,0.0461,0.0684
pillow,non_marketplace,5-10k,Суббота,Ночь (00-05),Другая мебель,153,53,0.3464,0.0223,15.51,10.0,32.41,38853.85,1926483.4,13459.18,1,0.2756,0.4247
pillow,non_marketplace,5-10k,Четверг,Утро (06-11),Другая мебель,725,66,0.091,0.0223,4.076,4.076,6.87,38660.76,1925594.61,3519.46,1,0.0722,0.1142
pillow,all,0-1k,Вторник,Ночь (00-05),Детские товары,53590,3319,0.0619,0.0281,2.205,2.205,3.38,1059.86,1922082.14,65.64,1,0.0599,0.064
pillow,marketplace,0-1k,Вторник,Ночь (00-05),Детские товары,53140,3301,0.0621,0.0281,2.211,2.211,3.4,1061.71,1919757.05,65.95,1,0.0601,0.0642
pillow,non_marketplace,10-20k,Среда,День (12-17),Кровать/каркас,1396,42,0.0301,0.0041,7.372,7.372,2.6,52827.43,1917790.81,1589.36,1,0.0223,0.0404
pillow,non_marketplace,3-5k,Четверг,День (12-17),Кровать/каркас,1327,75,0.0565,0.0041,13.849,10.0,5.24,27544.29,1916656.31,1556.76,1,0.0453,0.0703
pillow,marketplace,1-2k,Суббота,Ночь (00-05),Детские товары,55710,3205,0.0575,0.0281,2.048,2.048,2.94,1161.05,1904099.37,66.8,1,0.0556,0.0595
pillow,all,1-2k,Суббота,Ночь (00-05),Детские товары,56170,3215,0.0572,0.0281,2.037,2.037,2.91,1161.94,1902166.5,66.51,1,0.0553,0.0592
pillow,all,20-30k,Суббота,День (12-17),Матрас,393,36,0.0916,0.0156,5.877,5.877,7.6,63572.24,1899158.45,5823.41,1,0.0669,0.1242
pillow,marketplace,1-2k,Вторник,Ночь (00-05),Другая мебель,52048,1966,0.0378,0.0223,1.691,1.691,1.54,2361.01,1897147.76,89.18,1,0.0362,0.0394
pillow,non_marketplace,1-2k,Суббота,День (12-17),Другая мебель,2904,140,0.0482,0.0223,2.159,2.159,2.59,25242.36,1896724.43,1216.92,1,0.041,0.0566
pillow,non_marketplace,2-3k,Вторник,День (12-17),Другая мебель,1372,93,0.0678,0.0223,3.035,3.035,4.54,30341.42,1892000.78,2056.67,1,0.0557,0.0823
pillow,non_marketplace,3-5k,Вторник,Вечер (18-23),Матрас,781,79,0.1012,0.0156,6.489,6.489,8.56,28293.74,1890757.11,2861.98,1,0.0819,0.1243
mattress,non_marketplace,30-50k,Четверг,День (12-17),Кровать/каркас,355,85,0.2394,0.1103,2.172,2.172,12.92,41166.36,1887869.52,9856.73,1,0.198,0.2865
pillow,all,0-1k,Пятница,Утро (06-11),Матрас,91145,1795,0.0197,0.0156,1.263,1.263,0.41,5034.26,1884105.87,99.14,1,0.0188,0.0206
pillow,marketplace,1-2k,Среда,Ночь (00-05),Другая мебель,53914,1996,0.037,0.0223,1.658,1.658,1.47,2370.43,1877040.16,87.76,1,0.0355,0.0386
pillow,non_marketplace,2-3k,Воскресенье,Утро (06-11),Матрас,727,81,0.1114,0.0156,7.148,7.148,9.58,26780.09,1865708.04,2983.75,1,0.0906,0.1364
mattress,non_marketplace,30-50k,Понедельник,День (12-17),Другая мебель,283,76,0.2686,0.0998,2.691,2.691,16.87,39038.67,1864315.22,10483.88,1,0.2203,0.323
pillow,marketplace,0-1k,Среда,Ночь (00-05),Детские товары,57000,3399,0.0596,0.0281,2.123,2.123,3.15,1036.46,1863287.74,61.81,1,0.0577,0.0616
pillow,non_marketplace,3-5k,Четверг,Утро (06-11),Матрас,665,82,0.1233,0.0156,7.911,7.911,10.77,25989.5,1861736.36,3204.72,1,0.1005,0.1505
pillow,all,0-1k,Среда,Ночь (00-05),Детские товары,57480,3412,0.0594,0.0281,2.113,2.113,3.13,1034.88,1859935.58,61.43,1,0.0575,0.0613
pillow,non_marketplace,3-5k,Пятница,Вечер (18-23),Матрас,754,87,0.1154,0.0156,7.402,7.402,9.98,24682.91,1857311.64,2848.03,1,0.0945,0.1402
pillow,all,10-20k,Вторник,Вечер (18-23),Матрас,1785,65,0.0364,0.0156,2.336,2.336,2.08,49947.94,1856859.89,1818.83,1,0.0287,0.0461
pillow,non_marketplace,2-3k,Четверг,День (12-17),Другая мебель,1299,90,0.0693,0.0223,3.102,3.102,4.69,30309.14,1848476.99,2099.94,1,0.0567,0.0844
pillow,all,5-10k,Суббота,Вечер (18-23),Кровать/каркас,8283,94,0.0113,0.0041,2.781,2.781,0.73,30445.77,1832748.85,345.52,1,0.0093,0.0139
mattress,all,30-50k,Понедельник,День (12-17),Другая мебель,314,80,0.2548,0.0998,2.553,2.553,15.5,37351.11,1817568.35,9516.21,1,0.2097,0.3057
pillow,non_marketplace,2-3k,Четверг,Утро (06-11),Матрас,789,74,0.0938,0.0156,6.017,6.017,7.82,29280.79,1806662.51,2746.23,1,0.0754,0.1161
mattress,all,30-50k,Четверг,День (12-17),Кровать/каркас,389,87,0.2237,0.1103,2.028,2.028,11.34,40824.93,1800822.39,9130.51,1,0.1851,0.2676
pillow,all,0-1k,Понедельник,Ночь (00-05),Детские товары,56390,3305,0.0586,0.0281,2.086,2.086,3.05,1044.61,1797643.83,61.22,1,0.0567,0.0606
mattress,non_marketplace,30-50k,Пятница,День (12-17),Кровать/каркас,360,83,0.2306,0.1103,2.091,2.091,12.03,41420.26,1793838.86,9549.67,1,0.19,0.2768
pillow,marketplace,0-1k,Понедельник,Ночь (00-05),Детские товары,55939,3289,0.0588,0.0281,2.093,2.093,3.07,1044.22,1793487.53,61.4,1,0.0569,0.0608
pillow,all,5-10k,Четверг,Ночь (00-05),Другая мебель,2320,133,0.0573,0.0223,2.567,2.567,3.5,21912.06,1778906.47,1256.17,1,0.0486,0.0675
mattress,non_marketplace,50-100k,Воскресенье,День (12-17),Кровать/каркас,251,63,0.251,0.1103,2.277,2.277,14.07,50192.22,1773091.83,12598.05,1,0.2014,0.3081
mattress,non_marketplace,50-100k,Понедельник,День (12-17),Кровать/каркас,194,52,0.268,0.1103,2.431,2.431,15.78,57761.39,1768108.05,15482.43,1,0.2107,0.3344
pillow,all,5-10k,Среда,Вечер (18-23),Матрас,8851,202,0.0228,0.0156,1.464,1.464,0.72,27609.15,1767897.53,630.1,1,0.0199,0.0261
pillow,non_marketplace,1-2k,Вторник,День (12-17),Кровать/каркас,2515,92,0.0366,0.0041,8.964,8.964,3.25,21626.93,1767705.35,791.12,1,0.0299,0.0447
pillow,marketplace,0-1k,Воскресенье,Ночь (00-05),Детские товары,52194,3138,0.0601,0.0281,2.14,2.14,3.2,1050.97,1756958.52,63.19,1,0.0581,0.0622
pillow,all,0-1k,Воскресенье,Ночь (00-05),Детские товары,52635,3152,0.0599,0.0281,2.132,2.132,3.18,1048.56,1754620.63,62.79,1,0.0579,0.0619
mattress,non_marketplace,50-100k,Суббота,Утро (06-11),Кровать/каркас,160,56,0.35,0.1103,3.174,3.174,23.97,45703.07,1753134.23,15996.08,1,0.2804,0.4266
mattress,all,50-100k,Воскресенье,День (12-17),Кровать/каркас,255,63,0.2471,0.1103,2.241,2.241,13.68,50192.22,1750956.08,12400.43,1,0.1981,0.3035
mattress,all,50-100k,Суббота,Утро (06-11),Кровать/каркас,161,56,0.3478,0.1103,3.155,3.155,23.76,45703.07,1748095.24,15896.72,1,0.2786,0.4242
pillow,non_marketplace,5-10k,Понедельник,Утро (06-11),Другая мебель,675,53,0.0785,0.0223,3.516,3.516,5.62,45970.93,1743410.5,3609.57,1,0.0605,0.1013
pillow,marketplace,1-2k,Четверг,Ночь (00-05),Детские товары,54145,2958,0.0546,0.0281,1.945,1.945,2.65,1209.72,1738301.26,66.09,1,0.0527,0.0566
pillow,all,1-2k,Четверг,Ночь (00-05),Детские товары,54584,2971,0.0544,0.0281,1.938,1.938,2.63,1208.78,1737759.03,65.79,1,0.0526,0.0564
pillow,non_marketplace,2-3k,Понедельник,День (12-17),Другая мебель,1300,74,0.0569,0.0223,2.549,2.549,3.46,38573.89,1734479.19,2195.74,1,0.0456,0.0709
pillow,non_marketplace,3-5k,Воскресенье,День (12-17),Другая мебель,1650,87,0.0527,0.0223,2.361,2.361,3.04,34392.78,1724729.89,1813.44,1,0.0429,0.0646
pillow,all,0-1k,Суббота,Ночь (00-05),Косметика/гигиена,58823,5572,0.0947,0.0467,2.028,2.028,4.8,608.87,1719840.48,57.68,1,0.0924,0.0971
mattress,all,50-100k,Понедельник,День (12-17),Кровать/каркас,202,52,0.2574,0.1103,2.335,2.335,14.72,57761.39,1717160.26,14869.27,1,0.2021,0.3219
pillow,non_marketplace,1-2k,Понедельник,День (12-17),Другая мебель,2484,136,0.0548,0.0223,2.451,2.451,3.24,21284.31,1713834.11,1165.32,1,0.0465,0.0644
pillow,marketplace,0-1k,Суббота,Ночь (00-05),Косметика/гигиена,58330,5536,0.0949,0.0467,2.032,2.032,4.82,608.53,1710983.61,57.75,1,0.0926,0.0973
pillow,all,5-10k,Вторник,Вечер (18-23),Матрас,8443,196,0.0232,0.0156,1.489,1.489,0.76,26430.4,1701927.85,613.57,1,0.0202,0.0267
pillow,non_marketplace,5-10k,Вторник,Вечер (18-23),Кровать/каркас,937,51,0.0544,0.0041,13.337,10.0,5.03,36021.51,1699354.68,1960.62,1,0.0416,0.0709
pillow,non_marketplace,5-10k,Пятница,Вечер (18-23),Кровать/каркас,996,47,0.0472,0.0041,11.563,10.0,4.31,39307.34,1687673.77,1854.86,1,0.0357,0.0622
mattress,all,30-50k,Пятница,День (12-17),Кровать/каркас,385,83,0.2156,0.1103,1.955,1.955,10.53,41420.26,1679669.22,8929.56,1,0.1774,0.2594
pillow,non_marketplace,1-2k,Воскресенье,День (12-17),Другая мебель,2792,141,0.0505,0.0223,2.261,2.261,2.82,21327.35,1677225.61,1077.06,1,0.043,0.0593
pillow,marketplace,1-2k,Пятница,Ночь (00-05),Детские товары,55022,3017,0.0548,0.0281,1.952,1.952,2.67,1139.88,1677115.32,62.5,1,0.053,0.0568
pillow,all,10-20k,Среда,День (12-17),Кровать/каркас,2937,45,0.0153,0.0041,3.754,3.754,1.12,50697.36,1673729.13,776.77,1,0.0115,0.0204
pillow,all,1-2k,Пятница,Ночь (00-05),Детские товары,55439,3023,0.0545,0.0281,1.941,1.941,2.64,1139.11,1669469.5,62.11,1,0.0527,0.0564
pillow,non_marketplace,2-3k,Суббота,День (12-17),Другая мебель,1740,93,0.0534,0.0223,2.393,2.393,3.11,30821.55,1668614.77,1647.36,1,0.0438,0.065
pillow,non_marketplace,3-5k,Среда,Утро (06-11),Кровать/каркас,650,50,0.0769,0.0041,18.849,10.0,7.28,35133.27,1663467.36,2702.56,1,0.0588,0.1
pillow,all,10-20k,Пятница,Вечер (18-23),Матрас,1721,61,0.0354,0.0156,2.274,2.274,1.99,48545.97,1658986.68,1720.69,1,0.0277,0.0453
mattress,non_marketplace,30-50k,Воскресенье,День (12-17),Кровать/каркас,420,94,0.2238,0.1103,2.03,2.03,11.36,34777.33,1658633.41,7783.5,1,0.1866,0.2661
pillow,non_marketplace,3-5k,Вторник,День (12-17),Другая мебель,1253,75,0.0599,0.0223,2.68,2.68,3.75,35174.91,1653742.48,2105.44,1,0.048,0.0744
pillow,non_marketplace,2-3k,Воскресенье,День (12-17),Кровать/каркас,1710,63,0.0368,0.0041,9.028,9.028,3.28,29499.41,1652601.4,1086.82,1,0.0289,0.0469
pillow,all,0-1k,Суббота,Утро (06-11),Матрас,91016,1729,0.019,0.0156,1.219,1.219,0.34,5307.35,1646698.36,100.82,1,0.0181,0.0199
pillow,all,5-10k,Суббота,Утро (06-11),Кровать/каркас,6375,72,0.0113,0.0041,2.767,2.767,0.72,35770.59,1644863.58,404.0,1,0.009,0.0142
pillow,non_marketplace,2-3k,Среда,День (12-17),Кровать/каркас,1245,64,0.0514,0.0041,12.596,10.0,4.73,27852.89,1641068.86,1431.79,1,0.0405,0.0651
pillow,all,0-1k,Воскресенье,Утро (06-11),Постельное белье,84972,3338,0.0393,0.0278,1.413,1.413,1.15,1676.19,1634738.87,65.85,1,0.038,0.0406
pillow,marketplace,1-2k,Среда,Ночь (00-05),Детские товары,53914,2938,0.0545,0.0281,1.94,1.94,2.64,1145.71,1630838.02,62.43,1,0.0526,0.0564
pillow,all,5-10k,Понедельник,День (12-17),Кровать/каркас,11010,97,0.0088,0.0041,2.159,2.159,0.47,31278.3,1628607.62,275.57,1,0.0072,0.0107
pillow,all,5-10k,Воскресенье,Утро (06-11),Матрас,6248,157,0.0251,0.0156,1.612,1.612,0.95,27262.75,1625074.98,685.06,1,0.0215,0.0293
mattress,non_marketplace,50-100k,Пятница,Утро (06-11),Кровать/каркас,129,43,0.3333,0.1103,3.023,3.023,22.31,56445.09,1624327.07,18815.03,1,0.2578,0.4185
pillow,all,1-2k,Среда,Ночь (00-05),Детские товары,54344,2944,0.0542,0.0281,1.928,1.928,2.61,1145.02,1622900.55,62.03,1,0.0523,0.0561
pillow,marketplace,1-2k,Понедельник,Ночь (00-05),Детские товары,54885,2927,0.0533,0.0281,1.898,1.898,2.52,1169.35,1619731.98,62.36,1,0.0515,0.0552
pillow,all,1-2k,Понедельник,Ночь (00-05),Детские товары,55266,2937,0.0531,0.0281,1.892,1.892,2.51,1169.4,1618976.41,62.15,1,0.0513,0.055
pillow,all,5-10k,Понедельник,Ночь (00-05),Другая мебель,2433,120,0.0493,0.0223,2.208,2.208,2.7,24655.41,1618876.58,1216.05,1,0.0414,0.0587
mattress,non_marketplace,20-30k,Суббота,День (12-17),Кровать/каркас,359,95,0.2646,0.1103,2.4,2.4,15.44,29202.59,1618363.85,7727.71,1,0.2217,0.3126
pillow,non_marketplace,10-20k,Понедельник,День (12-17),Кровать/каркас,1202,35,0.0291,0.0041,7.135,7.135,2.5,53691.83,1615836.88,1563.41,1,0.021,0.0402
mattress,all,50-100k,Пятница,Утро (06-11),Кровать/каркас,131,43,0.3282,0.1103,2.977,2.977,21.8,56445.09,1611880.38,18527.78,1,0.2537,0.4125
pillow,non_marketplace,1-2k,Суббота,Вечер (18-23),Матрас,1717,94,0.0547,0.0156,3.512,3.512,3.92,23971.42,1611739.63,1312.36,1,0.0449,0.0665
pillow,all,10-20k,Понедельник,Вечер (18-23),Матрас,1846,61,0.033,0.0156,2.12,2.12,1.75,49828.12,1605714.05,1646.54,1,0.0258,0.0422
pillow,marketplace,1-2k,Вторник,Ночь (00-05),Детские товары,52048,2801,0.0538,0.0281,1.916,1.916,2.57,1186.56,1588627.0,63.86,1,0.0519,0.0558
pillow,non_marketplace,3-5k,Среда,Вечер (18-23),Матрас,775,71,0.0916,0.0156,5.877,5.877,7.6,26944.72,1587569.95,2468.48,1,0.0733,0.114
pillow,all,1-2k,Вторник,Ночь (00-05),Детские товары,52499,2814,0.0536,0.0281,1.908,1.908,2.55,1184.84,1586715.5,63.51,1,0.0517,0.0556
mattress,all,30-50k,Воскресенье,День (12-17),Кровать/каркас,451,95,0.2106,0.1103,1.911,1.911,10.04,34651.38,1568842.84,7299.07,1,0.1755,0.2506
pillow,non_marketplace,1-2k,Пятница,День (12-17),Другая мебель,2712,141,0.052,0.0223,2.328,2.328,2.97,19487.38,1567345.62,1013.17,1,0.0443,0.061
pillow,non_marketplace,1-2k,Среда,Утро (06-11),Матрас,1421,101,0.0711,0.0156,4.56,4.56,5.55,19855.25,1565583.38,1411.25,1,0.0588,0.0856
pillow,marketplace,0-1k,Воскресенье,Утро (06-11),Постельное белье,83562,3270,0.0391,0.0278,1.407,1.407,1.13,1652.96,1564483.8,64.68,1,0.0378,0.0405
pillow,non_marketplace,0-1k,Суббота,День (12-17),Матрас,3084,129,0.0418,0.0156,2.683,2.683,2.62,19229.21,1556171.16,804.33,1,0.0353,0.0495
pillow,marketplace,0-1k,Четверг,Ночь (00-05),Наматрасник/топпер,57733,2101,0.0364,0.0165,2.21,2.21,1.99,1350.32,1553402.25,49.14,1,0.0349,0.038
pillow,all,0-1k,Четверг,Ночь (00-05),Наматрасник/топпер,58229,2106,0.0362,0.0165,2.197,2.197,1.97,1353.07,1552283.72,48.94,1,0.0347,0.0377
pillow,all,0-1k,Четверг,Утро (06-11),Матрас,88307,1674,0.019,0.0156,1.216,1.216,0.34,5200.26,1547048.75,98.58,1,0.0181,0.0199
pillow,non_marketplace,1-2k,Суббота,Утро (06-11),Кровать/каркас,1633,66,0.0404,0.0041,9.904,9.904,3.63,25961.8,1540462.77,1049.28,1,0.0319,0.0511
pillow,non_marketplace,3-5k,Воскресенье,Вечер (18-23),Кровать/каркас,866,54,0.0624,0.0041,15.28,10.0,5.83,30271.54,1527679.6,1887.6,1,0.0481,0.0805
mattress,non_marketplace,<20k,Среда,Вечер (18-23),Кровать/каркас,278,109,0.3921,0.1103,3.556,3.556,28.18,19497.03,1527575.55,7644.52,1,0.3365,0.4506
mattress,non_marketplace,30-50k,Суббота,Вечер (18-23),Другая мебель,175,52,0.2971,0.0998,2.977,2.977,19.73,44204.19,1526564.56,13134.96,1,0.2344,0.3686
mattress,non_marketplace,30-50k,Вторник,Вечер (18-23),Другая мебель,134,49,0.3657,0.0998,3.664,3.664,26.59,42818.59,1525469.32,15657.55,1,0.2889,0.4499
pillow,non_marketplace,1-2k,Пятница,Утро (06-11),Матрас,1553,104,0.067,0.0156,4.296,4.296,5.14,19096.95,1523788.96,1278.87,1,0.0556,0.0805
pillow,non_marketplace,2-3k,Вторник,Утро (06-11),Матрас,662,73,0.1103,0.0156,7.074,7.074,9.47,24297.89,1523014.19,2679.37,1,0.0886,0.1364
mattress,all,30-50k,Суббота,Вечер (18-23),Другая мебель,196,55,0.2806,0.0998,2.812,2.812,18.08,42888.38,1519900.42,12035.01,1,0.2224,0.3473
pillow,all,1-2k,Суббота,Ночь (00-05),Косметика/гигиена,56170,4783,0.0852,0.0467,1.823,1.823,3.84,703.03,1518239.99,59.86,1,0.0829,0.0875
pillow,non_marketplace,2-3k,Среда,День (12-17),Другая мебель,1245,71,0.057,0.0223,2.553,2.553,3.47,35099.69,1516078.74,2001.67,1,0.0455,0.0713
pillow,non_marketplace,2-3k,Понедельник,День (12-17),Кровать/каркас,1300,54,0.0415,0.0041,10.179,10.0,3.75,31068.9,1512890.99,1290.55,1,0.032,0.0538
pillow,non_marketplace,1-2k,Воскресенье,Утро (06-11),Матрас,1447,91,0.0629,0.0156,4.035,4.035,4.73,21978.79,1504328.44,1382.22,1,0.0515,0.0766
pillow,marketplace,1-2k,Суббота,Ночь (00-05),Косметика/гигиена,55710,4747,0.0852,0.0467,1.824,1.824,3.85,700.45,1502494.6,59.68,1,0.0829,0.0876
pillow,non_marketplace,5-10k,Воскресенье,Вечер (18-23),Кровать/каркас,1109,42,0.0379,0.0041,9.28,9.28,3.38,40052.48,1500934.08,1516.87,1,0.0281,0.0508
pillow,non_marketplace,5-10k,Среда,Утро (06-11),Кровать/каркас,728,44,0.0604,0.0041,14.81,10.0,5.64,36517.69,1498285.89,2207.11,1,0.0453,0.0802
pillow,all,1-2k,Воскресенье,Ночь (00-05),Детские товары,52082,2752,0.0528,0.0281,1.881,1.881,2.47,1159.7,1494734.11,61.28,1,0.051,0.0548
pillow,non_marketplace,5-10k,Четверг,Утро (06-11),Кровать/каркас,725,46,0.0634,0.0041,15.547,10.0,5.94,34683.71,1492831.51,2200.62,1,0.0479,0.0836
pillow,all,0-1k,Четверг,Ночь (00-05),Косметика/гигиена,58229,5212,0.0895,0.0467,1.916,1.916,4.28,597.29,1488668.98,53.46,1,0.0872,0.0919
pillow,marketplace,1-2k,Воскресенье,Ночь (00-05),Детские товары,51685,2738,0.053,0.0281,1.886,1.886,2.49,1157.26,1488292.54,61.31,1,0.0511,0.0549
pillow,marketplace,0-1k,Четверг,Ночь (00-05),Косметика/гигиена,57733,5180,0.0897,0.0467,1.921,1.921,4.3,596.62,1481747.35,53.53,1,0.0874,0.0921
pillow,all,0-1k,Суббота,Утро (06-11),Одеяло,91016,6166,0.0677,0.0527,1.286,1.286,1.51,1078.94,1479814.66,73.09,1,0.0661,0.0694
mattress,non_marketplace,30-50k,Вторник,День (12-17),Другая мебель,337,76,0.2255,0.0998,2.26,2.26,12.57,34911.47,1479066.89,7873.21,1,0.1841,0.2731
pillow,all,0-1k,Пятница,Утро (06-11),Одеяло,91145,6137,0.0673,0.0527,1.278,1.278,1.47,1099.98,1469297.44,74.06,1,0.0657,0.069
pillow,all,5-10k,Вторник,Утро (06-11),Кровать/каркас,5997,72,0.012,0.0041,2.942,2.942,0.79,30867.22,1467004.87,370.59,1,0.0095,0.0151
pillow,non_marketplace,2-3k,Воскресенье,День (12-17),Другая мебель,1710,93,0.0544,0.0223,2.435,2.435,3.21,26666.15,1461517.1,1450.26,1,0.0446,0.0662
pillow,all,0-1k,Суббота,Утро (06-11),Другая мебель,91016,2662,0.0292,0.0223,1.31,1.31,0.69,2316.61,1457611.22,67.76,1,0.0282,0.0304
mattress,non_marketplace,30-50k,Среда,День (12-17),Кровать/каркас,307,71,0.2313,0.1103,2.098,2.098,12.1,39219.04,1457056.22,9070.2,1,0.1876,0.2816
pillow,marketplace,0-1k,Пятница,Утро (06-11),Матрас,89441,1712,0.0191,0.0156,1.228,1.228,0.36,4579.96,1455593.67,87.67,1,0.0183,0.0201
pillow,all,0-1k,Пятница,Ночь (00-05),Косметика/гигиена,59509,5222,0.0878,0.0467,1.879,1.879,4.1,594.99,1453324.08,52.21,1,0.0855,0.0901
pillow,marketplace,0-1k,Пятница,Ночь (00-05),Косметика/гигиена,59012,5197,0.0881,0.0467,1.886,1.886,4.14,595.14,1452617.81,52.41,1,0.0858,0.0904
pillow,marketplace,0-1k,Среда,Ночь (00-05),Косметика/гигиена,57000,5126,0.0899,0.0467,1.925,1.925,4.32,588.84,1450786.12,52.95,1,0.0876,0.0923
pillow,all,0-1k,Среда,Ночь (00-05),Косметика/гигиена,57480,5150,0.0896,0.0467,1.918,1.918,4.29,587.59,1448622.61,52.65,1,0.0873,0.092
pillow,non_marketplace,1-2k,Четверг,Утро (06-11),Матрас,1573,92,0.0585,0.0156,3.752,3.752,4.29,21379.21,1442679.84,1250.41,1,0.0479,0.0712
pillow,non_marketplace,1-2k,Четверг,День (12-17),Другая мебель,2762,134,0.0485,0.0223,2.172,2.172,2.62,19892.48,1438465.62,965.1,1,0.0411,0.0572
mattress,all,20-30k,Суббота,День (12-17),Кровать/каркас,442,99,0.224,0.1103,2.031,2.031,11.37,28599.77,1437634.53,6405.83,1,0.1876,0.2651
mattress,all,30-50k,Вторник,Вечер (18-23),Другая мебель,163,50,0.3067,0.0998,3.074,3.074,20.69,42096.72,1420007.77,12913.1,1,0.2411,0.3813
mattress,non_marketplace,30-50k,Четверг,День (12-17),Другая мебель,355,70,0.1972,0.0998,1.976,1.976,9.74,40953.2,1415742.02,8075.28,1,0.1591,0.2417
pillow,all,0-1k,Среда,Утро (06-11),Одеяло,89765,6031,0.0672,0.0527,1.275,1.275,1.45,1081.89,1409103.58,72.69,1,0.0656,0.0688
mattress,non_marketplace,30-50k,Суббота,Утро (06-11),Кровать/каркас,216,60,0.2778,0.1103,2.519,2.519,16.75,38914.09,1408104.25,10809.47,1,0.2223,0.341
pillow,non_marketplace,1-2k,Среда,День (12-17),Другая мебель,2416,112,0.0464,0.0223,2.076,2.076,2.4,24196.29,1404347.07,1121.68,1,0.0387,0.0555
pillow,non_marketplace,10-20k,Пятница,День (12-17),Другая мебель,1346,57,0.0423,0.0223,1.896,1.896,2.0,52072.27,1402708.37,2205.14,1,0.0328,0.0545
mattress,all,30-50k,Вторник,День (12-17),Другая мебель,365,77,0.211,0.0998,2.114,2.114,11.12,34539.31,1401319.19,7286.38,1,0.1722,0.2557
mattress,non_marketplace,20-30k,Среда,День (12-17),Кровать/каркас,277,79,0.2852,0.1103,2.587,2.587,17.49,28854.27,1398260.43,8229.2,1,0.2352,0.341
pillow,marketplace,0-1k,Суббота,Утро (06-11),Одеяло,89226,6002,0.0673,0.0527,1.277,1.277,1.46,1070.39,1393465.96,72.0,1,0.0656,0.0689
pillow,non_marketplace,0-1k,Вторник,День (12-17),Матрас,2716,136,0.0501,0.0156,3.212,3.212,3.45,14715.11,1378272.49,736.84,1,0.0425,0.0589
mattress,all,30-50k,Четверг,Утро (06-11),Кровать/каркас,203,57,0.2808,0.1103,2.547,2.547,17.05,39781.1,1377152.38,11170.06,1,0.2235,0.3462
pillow,all,5-10k,Понедельник,Вечер (18-23),Матрас,9400,198,0.0211,0.0156,1.351,1.351,0.55,26725.78,1375719.06,562.95,1,0.0184,0.0242
pillow,non_marketplace,10-20k,Суббота,День (12-17),Другая мебель,1516,69,0.0455,0.0223,2.038,2.038,2.32,39148.4,1375708.05,1781.82,1,0.0361,0.0572
mattress,all,30-50k,Среда,День (12-17),Кровать/каркас,341,73,0.2141,0.1103,1.942,1.942,10.38,38813.4,1374114.14,8309.03,1,0.1739,0.2607
pillow,non_marketplace,2-3k,Понедельник,Вечер (18-23),Матрас,898,77,0.0857,0.0156,5.501,5.501,7.02,21807.66,1373930.73,1869.92,1,0.0692,0.1059
mattress,non_marketplace,30-50k,Понедельник,Вечер (18-23),Другая мебель,131,55,0.4198,0.0998,4.207,4.207,32.0,32655.66,1369112.8,13710.39,1,0.3388,0.5055
pillow,marketplace,0-1k,Суббота,Ночь (00-05),Наволочка,58330,4406,0.0755,0.0475,1.589,1.589,2.8,837.1,1366933.66,63.23,1,0.0734,0.0777
pillow,marketplace,1-2k,Четверг,Ночь (00-05),Косметика/гигиена,54145,4499,0.0831,0.0467,1.779,1.779,3.64,693.43,1366156.21,57.62,1,0.0808,0.0854
pillow,all,1-2k,Четверг,Ночь (00-05),Косметика/гигиена,54584,4516,0.0827,0.0467,1.771,1.771,3.6,694.16,1365152.96,57.43,1,0.0805,0.0851
pillow,marketplace,0-1k,Пятница,Утро (06-11),Одеяло,89441,5963,0.0667,0.0527,1.266,1.266,1.4,1088.88,1362741.08,72.6,1,0.0651,0.0683
pillow,non_marketplace,2-3k,Среда,Утро (06-11),Матрас,736,74,0.1005,0.0156,6.45,6.45,8.5,21789.21,1362423.65,2190.76,1,0.0808,0.1244
pillow,non_marketplace,2-3k,Среда,Вечер (18-23),Матрас,820,68,0.0829,0.0156,5.32,5.32,6.73,24668.11,1362125.42,2045.65,1,0.0659,0.1038
mattress,all,30-50k,Суббота,Утро (06-11),Кровать/каркас,227,60,0.2643,0.1103,2.397,2.397,15.41,38914.09,1360909.1,10285.66,1,0.2112,0.3253
pillow,all,0-1k,Суббота,Ночь (00-05),Наволочка,58823,4418,0.0751,0.0475,1.58,1.58,2.76,836.67,1356657.79,62.84,1,0.073,0.0773
pillow,marketplace,0-1k,Суббота,Ночь (00-05),Наматрасник/топпер,58330,1999,0.0343,0.0165,2.081,2.081,1.78,1302.99,1353233.41,44.65,1,0.0328,0.0358
pillow,non_marketplace,10-20k,Суббота,Утро (06-11),Другая мебель,478,32,0.0669,0.0223,2.997,2.997,4.46,63389.17,1351716.61,4243.63,1,0.0478,0.093
pillow,all,5-10k,Воскресенье,Вечер (18-23),Матрас,8972,191,0.0213,0.0156,1.366,1.366,0.57,26410.91,1350836.62,562.25,1,0.0185,0.0245
pillow,all,0-1k,Суббота,Ночь (00-05),Наматрасник/топпер,58823,2003,0.0341,0.0165,2.068,2.068,1.76,1302.12,1346969.56,44.34,1,0.0326,0.0355
pillow,all,0-1k,Среда,Ночь (00-05),Наматрасник/топпер,57480,1966,0.0342,0.0165,2.077,2.077,1.77,1316.07,1341809.93,45.01,1,0.0327,0.0357
pillow,marketplace,0-1k,Среда,Ночь (00-05),Наматрасник/топпер,57000,1958,0.0344,0.0165,2.086,2.086,1.79,1316.15,1341764.58,45.21,1,0.0329,0.0359
mattress,non_marketplace,<20k,Воскресенье,Вечер (18-23),Кровать/каркас,294,103,0.3503,0.1103,3.178,3.178,24.01,18939.64,1336855.54,6635.31,1,0.2981,0.4065
pillow,marketplace,0-1k,Среда,Утро (06-11),Одеяло,88245,5896,0.0668,0.0527,1.268,1.268,1.41,1071.21,1336344.02,71.57,1,0.0652,0.0685
